actor,movie_or_TV_name
Atsuko Tanaka,The Wrong Way to Use Healing Magic
Atsuko Tanaka,Ghost in the Shell: SAC_2045 The Last Human
Atsuko Tanaka,Frieren: Beyond Journey's End
Atsuko Tanaka,MAKE MY DAY
Atsuko Tanaka,Lucifer and the Biscuit Hammer
Atsuko Tanaka,Ghost in the Shell: SAC_2045 Sustainable War
Atsuko Tanaka,Kimi to Fit Boxing
Atsuko Tanaka,Detective Conan: The Scarlet Bullet
Atsuko Tanaka,The Way of the Househusband
Atsuko Tanaka,Detective Conan: The Scarlet Alibi
Atsuko Tanaka,The Gymnastics Samurai
Atsuko Tanaka,Jujutsu Kaisen
Atsuko Tanaka,Ghost in the Shell: SAC_2045
Atsuko Tanaka,Listeners
Atsuko Tanaka,ACCA: 13-Territory Inspection Dept. - Regards
Atsuko Tanaka,Gundam Reconguista in G Movie I: Go! Core Fighter
Atsuko Tanaka,Detective Conan: The Scarlet School Trip
Atsuko Tanaka,Usuzumizakura: Garo
Atsuko Tanaka,I Want to Eat Your Pancreas
Atsuko Tanaka,Batman Ninja
Atsuko Tanaka,Cutie Honey Universe
Atsuko Tanaka,A.I.C.O. -Incarnation-
Atsuko Tanaka,Devilman Crybaby
Masamichi Sato,Kiseki taiken! Unbelievable
Masamichi Sato,Kemeko Deluxe!
Masamichi Sato,Figure 17: Tsubasa & Hikaru
Atsuko Hayashida,Ghost in the Shell
Atsushi Goto,Tengoku Daimakyo
Atsushi Goto,Ghost in the Shell
Toshiki Kameyama,Ghost in the Shell
Yuji Ueda,Pok√©mon: The Arceus Chronicles
Maaya Sakamoto,A Condition Called Love
Atsuko Tanaka,Fate/stay night: Heaven's Feel I. Presage Flower
Atsuko Tanaka,GARO -VANISHING LINE-
Atsuko Tanaka,3-Nen D-Gumi Glass no Kamen: Tobidase Watashitachi no Victory Road
Atsuko Tanaka,ACCA: 13-Territory Inspection Dept.
Atsuko Tanaka,The Glass Mask Year 3 Class D
Masamichi Sato,Rune Soldier
Masamichi Sato,Inspector Muta's Incident Files: Yokohama to Kushiro Field. The Mystery of the Triple Murder That Only Marimo Knows.
Masamichi Sato,Cybuster
Masamichi Sato,Visitor
Masamichi Sato,Flint: The Time Detective
Masamichi Sato,Next War Chronicle Ehrgeiz
Yuji Ueda,SHAMAN KING
Yuji Ueda,Aria the Crepuscolo
Yuji Ueda,Mashin Sentai Kiramager
Yuji Ueda,Shinkansen Henkei Robo Shinkalion The Movie: The Marvelous Fast ALFA-X That Comes From the Future
Maaya Sakamoto,Coral of the Moon
Maaya Sakamoto,Mobile Suit Gundam SEED FREEDOM
Maaya Sakamoto,Kizumonogatari -Koyomi Vamp-
Atsuko Tanaka,Thunderbolt Fantasy
Masamichi Sato,Ghost in the Shell
Masamichi Sato,Gin Rei's Blue Eyes
Yuji Ueda,Cautious Hero: The Hero Is Overpowered but Overly Cautious
Yuji Ueda,Pok√©mon the Movie: Mewtwo Strikes Back - Evolution
Yuji Ueda,Peacemaker Kurogane: Friend
Maaya Sakamoto,Fate Project Â§ßÊô¶Êó•TV„Çπ„Éö„Ç∑„É£„É´2023
Maaya Sakamoto,Kaina of the Great Snow Sea: Star Sage
Ginzo Matsuo,Kinnikuman II
Takashi Matsuyama,Uzumaki
Mitsuru Miyamoto,The Missing 8
Atsuko Tanaka,Pandora in the Crimson Shell: Ghost Urn
Atsuko Tanaka,Hifuu Club Activity Record ~ The Sealed Esoteric History
Atsuko Tanaka,Pandora in the Crimson Shell: Ghost Urn
Atsuko Tanaka,Chieri and Cherry
Atsuko Tanaka,God Eater
Atsuko Tanaka,The Heroic Legend of Arslan
Masamichi Sato,The Irresponsible Captain Tylor  OVA
Masamichi Sato,The Life of Guskou Budori
Masamichi Sato,Shippuu! Iron Leaguer
Masamichi Sato,Stray Dog: Kerberos Panzer Cops
Masamichi Sato,Open the Door
Masamichi Sato,Ninja Robots
Yuji Ueda,Kaitou Sentai Lupinranger VS Keisatsu Sentai Patranger en film
Yuji Ueda,Peacemaker Kurogane: Belief
Yuji Ueda,Kaitou Sentai Lupinranger VS Keisatsu Sentai Patranger
Yuji Ueda,Pok√©mon the Movie: I Choose You!
Yuji Ueda,KiraKira‚òÜPrecure a la Mode
Maaya Sakamoto,Pretty Cure All Stars F
Maaya Sakamoto,Ranking of Kings: The Treasure Chest of Courage
Maaya Sakamoto,EVANGELION:3.0(-46h)
Maaya Sakamoto,EVANGELION:3.0(-120min.)
Maaya Sakamoto,Fate/Grand Order: Fujimaru Ritsuka Doesn't Get It
Ginzo Matsuo,s-CRY-ed
Ginzo Matsuo,Crayon Shin-chan: Storm-invoking Passion! The Adult Empire Strikes Back
Ginzo Matsuo,Jungle Emperor Leo: Hon-o-ji
Takashi Matsuyama,Meiji Gekken: 1874
Takashi Matsuyama,Metallic Rouge
Takashi Matsuyama,Rurouni Kenshin
Takashi Matsuyama,Sacrificial Princess and the King of Beasts
Takashi Matsuyama,Dead Mount Death Play
Takashi Matsuyama,The Ice Guy and His Cool Female Colleague
Mitsuru Miyamoto,takt op.Destiny
Mitsuru Miyamoto,The Idaten Deities Know Only Peace
Mitsuru Miyamoto,Belle
Mitsuru Miyamoto,To Your Eternity
Mitsuru Miyamoto,Bungo Stray Dogs Wan!
Mitsuru Miyamoto,Violet Evergarden: The Movie
Mitsuru Miyamoto,The Misfit of Demon King Academy
Shinji Ogawa,GinRei Special OVA
Shigeru Chiba,Ohsama Sentai King-Ohger vs. Kyoryuger
Masato Yamanouchi,Catnapped!
Hiroshi Yanaka,PLUTO
Atsuko Tanaka,Knights of Sidonia: The Movie
Atsuko Tanaka,THE iDOLM@STER Cinderella Girls
Atsuko Tanaka,Fate/stay night [Unlimited Blade Works]
Atsuko Tanaka,Your Lie in April
Atsuko Tanaka,Parasyte -the maxim-
Atsuko Tanaka,"Sleep Tight My Baby, Cradled in the Sky"
Atsuko Tanaka,Knights of Sidonia
Yuji Ueda,March Comes in Like a Lion
Yuji Ueda,Pok√©mon the Movie: Volcanion and the Mechanical Marvel
Yuji Ueda,Mob Psycho 100
Yuji Ueda,One-Punch Man
Yuji Ueda,Pok√©mon the Movie: Hoopa and the Clash of Ages
Yuji Ueda,Pikachu and the Pok√©mon Music Squad
Yuji Ueda,Show by Rock!!
Yuji Ueda,Pok√©mon the Movie: Diancie and the Cocoon of Destruction
Maaya Sakamoto,The Fire Hunter
Maaya Sakamoto,Kaina of the Great Snow Sea
Maaya Sakamoto,TRIGUN STAMPEDE
Maaya Sakamoto,The First Slam Dunk
Maaya Sakamoto,Arknights
Maaya Sakamoto,The Tatami Time Machine Blues
Maaya Sakamoto,The Tatami Time Machine Blues
Maaya Sakamoto,The Legend of the Galactic Heroes: Die Neue These Collision 3
Ginzo Matsuo,Eden's Bowy
Ginzo Matsuo,Magical DoReMi
Ginzo Matsuo,Neo Ranga
Ginzo Matsuo,Yume no Crayon Oukoku
Ginzo Matsuo,Hell Teacher Nube: At 0 a.m. Nube is Dead!!
Ginzo Matsuo,Cutie Honey Flash
Ginzo Matsuo,Hell Teacher Nube
Ginzo Matsuo,The Vision of Escaflowne
Ginzo Matsuo,Ghost in the Shell
Takashi Matsuyama,Arknights
Takashi Matsuyama,Chainsaw Man
Takashi Matsuyama,Life With an Ordinary Guy Who Reincarnated Into a Total Fantasy Knockout
Takashi Matsuyama,Ryoma! The Prince of Tennis
Takashi Matsuyama,My Senpai Is Annoying
Takashi Matsuyama,The Faraway Paladin
Takashi Matsuyama,Muteking the Dancing Hero
Takashi Matsuyama,"I, Tsushima"
Takashi Matsuyama,Kippa
Mitsuru Miyamoto,Seven Days War
Mitsuru Miyamoto,Kaitou Sentai Lupinranger VS Keisatsu Sentai Patranger en film
Mitsuru Miyamoto,Bungo Stray Dogs: Dead Apple
Mitsuru Miyamoto,Kaitou Sentai Lupinranger VS Keisatsu Sentai Patranger
Mitsuru Miyamoto,After the Rain
Mitsuru Miyamoto,Fireworks
Mitsuru Miyamoto,Classroom of the Elite
Shinji Ogawa,Before The Leaves Fall
Shinji Ogawa,Aldnoah.Zero
Shinji Ogawa,Mobile Suit Gundam Unicorn Film And Live The Final - A Mon Seul Desir
Shinji Ogawa,Ping Pong the Animation
Shigeru Chiba,"The 100 Girlfriends Who Really, Really, Really, Really, REALLY Love You"
Shigeru Chiba,Noble Farmer
Shigeru Chiba,Detective Conan: Black Iron Submarine
Shigeru Chiba,Magical Destroyers
Shigeru Chiba,Kaina of the Great Snow Sea
Shigeru Chiba,HIGH CARD
Shigeru Chiba,Handyman Saitou in Another World
Shigeru Chiba,Urusei Yatsura
Shigeru Chiba,BOCCHI THE ROCK!
Masato Yamanouchi,The Vision of Escaflowne
Masato Yamanouchi,Ghost in the Shell
Masato Yamanouchi,Comet in Moominland
Masato Yamanouchi,Spooky Kitaro: The Great Yokai War
Masato Yamanouchi,Document: Fang of the Sun Dougram
Masato Yamanouchi,Space Warriors Baldios
Masato Yamanouchi,Fang of the Sun Dougram
Hiroshi Yanaka,The Apothecary Diaries
Hiroshi Yanaka,The Concierge
Hiroshi Yanaka,My Happy Marriage
Hiroshi Yanaka,Legend of Mana -The Teardrop Crystal-
Hiroshi Yanaka,Bibliophile Princess
Sanry√¥ Odaka,Harmonica Taiyo
Sanry√¥ Odaka,AKB„É©„Éñ„Éä„Ç§„Éà ÊÅãÂ∑•Â†¥
Atsuko Tanaka,The Irregular at Magic High School
Atsuko Tanaka,Bayonetta: Bloody Fate
Atsuko Tanaka,Dokidoki! PreCure
Atsuko Tanaka,JoJo's Bizarre Adventure
Atsuko Tanaka,Kokoro Connect
Atsuko Tanaka,Campione!
Yuji Ueda,"Pikachu, What's This Key?"
Yuji Ueda,HaNaYaMaTa
Yuji Ueda,Mushi-Shi: The Shadow That Devours the Sun
Yuji Ueda,Kill la Kill
Yuji Ueda,Pok√©mon: Eevee & Friends
Yuji Ueda,Sing Meloetta: Search for the Rinka Berries
Yuji Ueda,Rurouni Kenshin: New Kyoto Arc: The Chirps of Light
Maaya Sakamoto,Deaimon: Recipe for Happiness
Maaya Sakamoto,The Legend of the Galactic Heroes: Die Neue These Collision 2
Maaya Sakamoto,The Legend of the Galactic Heroes: Die Neue These Collision 1
Maaya Sakamoto,Love of Kill
Maaya Sakamoto,Super Crooks
Maaya Sakamoto,ÂùÇÊú¨ÁúüÁ∂æ 25Âë®Âπ¥Ë®òÂøµLIVE„ÄåÁ¥ÑÊùü„ÅØ„ÅÑ„Çâ„Å™„ÅÑ„Äç at Ê®™Êµú„Ç¢„É™„Éº„Éä
Maaya Sakamoto,Ranking of Kings
Maaya Sakamoto,Bright: Samurai Soul
Ginzo Matsuo,Macross 7: The Galaxy is Calling Me
Ginzo Matsuo,Street Fighter II: The Animated Movie
Ginzo Matsuo,Red Baron
Ginzo Matsuo,Weather Report Girl
Ginzo Matsuo,Nintama Rantar≈ç
Ginzo Matsuo,Inferious Interplanetary War Chronicle - Condition Green
Takashi Matsuyama,To Your Eternity
Takashi Matsuyama,MARS RED
Takashi Matsuyama,In/Spectre
Takashi Matsuyama,Hatena Illusion
Takashi Matsuyama,Drifting Dragons
Takashi Matsuyama,Bermuda Triangle ~ Colorful Pastorale
Takashi Matsuyama,Dragon Ball Super: Broly
Takashi Matsuyama,Natsume's Book of Friends: Ephemeral Bond
Mitsuru Miyamoto,In Another World with My Smartphone
Mitsuru Miyamoto,Fate/Apocrypha
Mitsuru Miyamoto,„Åì„Å°„ÇâËëõÈ£æÂå∫‰∫ÄÊúâÂÖ¨ÂúíÂâçÊ¥æÂá∫ÊâÄ THE FINAL ‰∏°Ê¥•ÂãòÂêâ ÊúÄÂæå„ÅÆÊó•
Mitsuru Miyamoto,Bungo Stray Dogs
Mitsuru Miyamoto,Joker Game
Mitsuru Miyamoto,ERASED
Mitsuru Miyamoto,Blood Blockade Battlefront
Mitsuru Miyamoto,Êñ∞ÁΩëÁêÉÁéãÂ≠êOVAvsGenius10
Mitsuru Miyamoto,The Seven Deadly Sins
Shinji Ogawa,The Eccentric Family
Shinji Ogawa,Detective Conan: Private Eye in the Distant Sea
Shinji Ogawa,Someone's Gaze
Shinji Ogawa,Berserk: The Golden Age Arc III - The Advent
Shinji Ogawa,Promise in the Shadows
Shinji Ogawa,Kamen Rider √ó Super Sentai: Super Hero Wars
Shinji Ogawa,Kaizoku Sentai Gokaiger vs. Space Sheriff Gavan: The Movie
Shinji Ogawa,Yu-Gi-Oh! Zexal
Shigeru Chiba,The Heike Story
Shigeru Chiba,My Hero Academia: World Heroes' Mission
Shigeru Chiba,Jujutsu Kaisen
Shigeru Chiba,Warlords of Sigrdrifa
Shigeru Chiba,Rail Romanesque
Shigeru Chiba,Diary of Our Days at the Breakwater
Masato Yamanouchi,Space Warrior Baldios
Masato Yamanouchi,Twelve Months
Masato Yamanouchi,"Conan, the Boy in Future"
Masato Yamanouchi,Invincible Steel Man Daitarn 3
Masato Yamanouchi,Future Boy Conan
Masato Yamanouchi,"Tenguri, Boy of the Plains"
Masato Yamanouchi,Casshan
Masato Yamanouchi,GO GET THEM 0011!!
Masato Yamanouchi,Decision
Hiroshi Yanaka,Cyberpunk: Edgerunners
Hiroshi Yanaka,SPY x FAMILY
Hiroshi Yanaka,Deaimon: Recipe for Happiness
Hiroshi Yanaka,Tomodachi Game
Hiroshi Yanaka,Super Crooks
Hiroshi Yanaka,The Faraway Paladin
Hiroshi Yanaka,The aquatope on white sand
Hiroshi Yanaka,MARS RED
Sanry√¥ Odaka,Cybuster
Sanry√¥ Odaka,Virus Buster Serge
Sanry√¥ Odaka,Ghost in the Shell
Kazuhiro Yamaji,Sand Land: The Series
Atsuko Tanaka,Tari Tari
Atsuko Tanaka,Ozma
Atsuko Tanaka,Doraemon: Nobita and the Island of Miracles ‚Äì Animal Adventure
Atsuko Tanaka,Bread of Happiness
Atsuko Tanaka,Zero Escape: Virtue's Last Reward Special OVA
Atsuko Tanaka,Carnival Phantasm: Illya's Castle
Yuji Ueda,Meloetta's Moonlight Serenade
Yuji Ueda,Rurouni Kenshin: New Kyoto Arc: Cage of Flames
Yuji Ueda,Chihayafuru
Yuji Ueda,Mobile Suit Gundam 00: A Wakening of the Trailblazer
Yuji Ueda,Pikachu's Strange Wonder Adventure
Yuji Ueda,Pok√©mon: Zoroark - Master of Illusions
Yuji Ueda,Mobile Suit Gundam 00 Special Edition III: Return The World
Maaya Sakamoto,Child of Kamiari Month
Maaya Sakamoto,Fate/Grand Order Final Singularity ‚Äì Grand Temple of Time: Solomon
Maaya Sakamoto,Words Bubble Up Like Soda Pop
Maaya Sakamoto,The Seven Deadly Sins: Cursed by Light
Maaya Sakamoto,Fate/Grand Carnival
Maaya Sakamoto,Fate/Grand Order the Movie: Divine Realm Of The Round Table: Camelot Paladin; Agateram
Maaya Sakamoto,Pretty Boy Detective Club
Maaya Sakamoto,Evangelion: 3.0+1.0 Thrice Upon a Time
Ginzo Matsuo,Mermaid Forest
Ginzo Matsuo,Emergency Departure Rescue Kids
Ginzo Matsuo,Sword for Truth
Ginzo Matsuo,Samurai Gold
Ginzo Matsuo,Fashion Lala: The Story of the Harbour Light
Ginzo Matsuo,Hagemaru
Takashi Matsuyama,Angolmois: Record of Mongol Invasion
Takashi Matsuyama,Music Girls
Takashi Matsuyama,Peacemaker Kurogane: Belief
Takashi Matsuyama,Kaitou Sentai Lupinranger VS Keisatsu Sentai Patranger
Takashi Matsuyama,WorldEnd: What are you doing at the end of the world? Are you busy? Will you save us?
Takashi Matsuyama,Tonkatsu DJ Agetar≈ç
Takashi Matsuyama,Á£ØÈÉ®Á£ØÂÖµË°õÁâ©Ë™û„ÄúÊµÆ‰∏ñ„ÅØ„Å§„Çâ„ÅÑ„Çà„Äú
Mitsuru Miyamoto,Barakamon
Mitsuru Miyamoto,Saint Seiya: Legend of Sanctuary
Mitsuru Miyamoto,"Wake Up, Girls! - Seven Idols"
Mitsuru Miyamoto,Zorori the Naughty Hero: Super Adventure!
Mitsuru Miyamoto,The New Prince of Tennis
Mitsuru Miyamoto,Hellsing: The Dawn
Mitsuru Miyamoto,Fractale
Mitsuru Miyamoto,Welcome to the Space Show
Shinji Ogawa,Kaizoku Sentai Gokaiger
Shinji Ogawa,Junod
Shinji Ogawa,Detective Conan: The Lost Ship in the Sky
Shinji Ogawa,Mobile Suit Gundam Unicorn
Shinji Ogawa,Nodame Cantabile
Shinji Ogawa,Project Blue Earth SOS
Shinji Ogawa,Witchblade
Shinji Ogawa,Phoenix
Shigeru Chiba,Listeners
Shigeru Chiba,Dorohedoro
Shigeru Chiba,Natsunagu!
Shigeru Chiba,One Piece: Stampede
Shigeru Chiba,Demon Slayer: Kimetsu no Yaiba
Masato Yamanouchi,Cyborg 009 and the Monster Wars
Masato Yamanouchi,Cyborg 009
Masato Yamanouchi,The Little Prince and the Eight-Headed Dragon
Hiroshi Yanaka,Kemono Jihen
Hiroshi Yanaka,Moriarty the Patriot
Hiroshi Yanaka,Higurashi: When They Cry - NEW
Hiroshi Yanaka,BNA
Koichi Yamadera,Shin Mashin Eiyuuden Wataru: Mashinzan Hen
Kazuhiro Yamaji,Meiji Gekken: 1874
Kazuhiro Yamaji,The Witch and the Beast
Kazuhiro Yamaji,The Birth of Kitarou: Mystery of GeGeGe
Kazuhiro Yamaji,PLUTO
Kazuhiro Yamaji,Ron Kamonohashi's Forbidden Deductions
Kazuhiro Yamaji,Sand Land
Yutaka Nakano,Ghost in the Shell: SAC_2045 Sustainable War
Iemasa Kayumi,Detective Conan: Dimensional Sniper
Naruki Masahisa,Ghost in the Shell
Atsuko Tanaka,TEKKEN: Blood Vengeance
Atsuko Tanaka,Ghost in the Shell: Stand Alone Complex - Solid State Society 3D
Atsuko Tanaka,Mazinkaiser SKL
Atsuko Tanaka,Halo Legends
Atsuko Tanaka,Halo Legends
Atsuko Tanaka,Aoi Bungaku Series
Atsuko Tanaka,Nyan Koi!
Atsuko Tanaka,A Certain Scientific Railgun
Yuji Ueda,Mobile Suit Gundam 00 Special Edition I: Celestial Being
Yuji Ueda,Oblivion Island: Haruka and the Magic Mirror
Yuji Ueda,Pikachu's Sparkle Search!
Yuji Ueda,Pok√©mon: Arceus and the Jewel of Life
Yuji Ueda,Fullmetal Alchemist: Brotherhood
Yuji Ueda,Kannagi
Yuji Ueda,Detroit Metal City
Yuji Ueda,Pikachu's Ice Adventure
Yuji Ueda,Pok√©mon: Giratina and the Sky Warrior
Maaya Sakamoto,Fate/Grand Order the Movie: Divine Realm of the Round Table: Camelot Wandering; Agateram
Maaya Sakamoto,Yashahime: Princess Half-Demon
Maaya Sakamoto,The Millionaire Detective ‚Äì Balance: UNLIMITED
Maaya Sakamoto,"SING ""YESTERDAY"" FOR ME"
Maaya Sakamoto,Made in Abyss: Dawn of the Deep Soul
Maaya Sakamoto,Oda Cinnamon Nobunaga
Maaya Sakamoto,Drifting Dragons
Takashi Matsuyama,Goku Sagi 3
Takashi Matsuyama,Mobile Suit Gundam-san
Takashi Matsuyama,Hozuki's Coolheadedness
Mitsuru Miyamoto,Katanagatari
Mitsuru Miyamoto,Corpse Princess
Mitsuru Miyamoto,Crayon Shin-chan: Invoke a Super Storm!  The Hero of Kinpoko
Shinji Ogawa,Seven of Seven
Shinji Ogawa,Android Kikaider
Shinji Ogawa,Crayon Shin-chan: Explosion! The Hot Spring's Feel Good Final Battle
Shinji Ogawa,Master Keaton
Shigeru Chiba,Dragon Ball Super: Broly
Shigeru Chiba,Pop Team Epic
Shigeru Chiba,WorldEnd: What are you doing at the end of the world? Are you busy? Will you save us?
Shigeru Chiba,Makeruna!! Aku no Gundan!
Shigeru Chiba,The Laughing Salesman NEW
Hiroshi Yanaka,In/Spectre
Hiroshi Yanaka,Lupin the Third: Prison of the Past
Hiroshi Yanaka,Vinland Saga
Hiroshi Yanaka,That Time I Got Reincarnated as a Slime
Hiroshi Yanaka,Lupin the Third: Is Lupin Still Burning?
Hiroshi Yanaka,The Piano Forest
Hiroshi Yanaka,Free!: Take Your Marks
Koichi Yamadera,Go! Go! Vehicles
Koichi Yamadera,Ishura
Koichi Yamadera,PLUTO
Koichi Yamadera,Detective Pikachu & the Mystery of the Missing Flan üçÆüîé
Koichi Yamadera,Go! Anpanman: Roboly and the Warming Present
Kazuhiro Yamaji,Psycho-Pass: Providence
Kazuhiro Yamaji,Dead Mount Death Play
Kazuhiro Yamaji,≈åsama Sentai Kingu-≈åjƒÅ
Kazuhiro Yamaji,MAKE MY DAY
Yutaka Nakano,Ghost in the Shell: SAC_2045
Yutaka Nakano,The Quintessential Quintuplets
Yutaka Nakano,The Rising of the Shield Hero
Yutaka Nakano,Hero Mask
Yutaka Nakano,We Rent Tsukumogami
Yutaka Nakano,Joker Game
Iemasa Kayumi,Space Dandy
Iemasa Kayumi,Lupin the Third vs. Detective Conan: The Movie
Iemasa Kayumi,One Piece: Strong World Episode 0
Iemasa Kayumi,Professor Layton and the Eternal Diva
Iemasa Kayumi,Oblivion Island: Haruka and the Magic Mirror
Akio Otsuka,The Fable
Tamio Ohki,Planetarian: Hoshi no Hito
Tessyo Genda,Shin Mashin Eiyuuden Wataru: Mashinzan Hen
Atsuko Tanaka,God Eater Prologue
Atsuko Tanaka,Princess Lover!
Atsuko Tanaka,Umineko: When They Cry
Atsuko Tanaka,The River's Light
Atsuko Tanaka,Beyond the Heavens
Yuji Ueda,Natsume Yujin-cho
Yuji Ueda,Mobile Suit Gundam 00
Yuji Ueda,Aria the OVA: Arietta
Yuji Ueda,Pok√©mon: The Rise of Darkrai
Yuji Ueda,Animal Crossing: The Movie
Yuji Ueda,Tokyo Tribe 2
Maaya Sakamoto,Sorcerous Stabber Orphen
Maaya Sakamoto,Stars Align
Maaya Sakamoto,Fate/Grand Order Absolute Demonic Front: Babylonia
Maaya Sakamoto,NiNoKuni
Maaya Sakamoto,BEM
Maaya Sakamoto,Ensemble Stars!
Takashi Matsuyama,Don's Road 9
Takashi Matsuyama,The Wolverine
Takashi Matsuyama,Donyatsu
Takashi Matsuyama,„Åº„Åè„ÅØÁéã„Åï„Åæ
Mitsuru Miyamoto,Our Home's Fox Deity
Mitsuru Miyamoto,Graveyard Kitaro
Mitsuru Miyamoto,Baccano!
Mitsuru Miyamoto,Saiyuki Reload: Burial
Mitsuru Miyamoto,Mushi-Shi
Mitsuru Miyamoto,Tsubasa RESERVoir CHRoNiCLE
Shinji Ogawa,Cowboy Bebop
Shinji Ogawa,Master of Mosquiton '99
Shinji Ogawa,Night Warriors: Darkstalkers' Revenge
Shinji Ogawa,Ghost in the Shell
Shinji Ogawa,The Mighty Gin Rei
Shigeru Chiba,Overlord: The Dark Hero
Shigeru Chiba,Overlord: The Undead King
Shigeru Chiba,March Comes in Like a Lion
Shigeru Chiba,Dragon Ball Z: The Real 4-D
Shigeru Chiba,The Next Generation Patlabor: Tokyo War
Hiroshi Yanaka,Miss Kobayashi's Dragon Maid
Hiroshi Yanaka,Regalia: The Three Sacred Stars
Hiroshi Yanaka,Doraemon: Nobita and the Birth of Japan
Hiroshi Yanaka,Dimension W
Hiroshi Yanaka,Gate
Hiroshi Yanaka,Stitch and the Planet of Sand
Koichi Yamadera,My Home Hero
Koichi Yamadera,LUPIN THE 3rd vs. CAT'S EYE
Koichi Yamadera,Zorori the Naughty Hero: La La La‚ô™ A Star is Born
Koichi Yamadera,Sword Art Online -FULLDIVE-
Kazuhiro Yamaji,HIGH CARD
Kazuhiro Yamaji,Elpis
Kazuhiro Yamaji,Housing Complex C
Kazuhiro Yamaji,Lucifer and the Biscuit Hammer
Kazuhiro Yamaji,Call of the Night
Yutaka Nakano,Dimension W
Yutaka Nakano,The Laws Of The Universe - Part 0
Yutaka Nakano,Kingdom
Yutaka Nakano,Hunter x Hunter
Yutaka Nakano,The Princess and the Pilot
Yutaka Nakano,Junod
Yutaka Nakano,A Certain Scientific Railgun
Yutaka Nakano,Pattenrai!! - Minami no Shima no Mizu Monogatari
Iemasa Kayumi,Ekiro
Iemasa Kayumi,Fullmetal Alchemist: Brotherhood
Iemasa Kayumi,Allison & Lillia
Iemasa Kayumi,One Piece: The Desert Princess and the Pirates: Adventure in Alabasta
Iemasa Kayumi,Bartender
Iemasa Kayumi,Akagi
Iemasa Kayumi,Glass Mask
Akio Otsuka,Yakuza: Like a Dragon
Akio Otsuka,Pon no Michi
Akio Otsuka,Onimusha
Akio Otsuka,PLUTO
Akio Otsuka,GOOD NIGHT WORLD
Akio Otsuka,Shangri-La Frontier
Akio Otsuka,Sand Land
Akio Otsuka,The Great Cleric
Tamio Ohki,Black Bullet
Tamio Ohki,Hal
Tamio Ohki,From the New World
Tamio Ohki,Fairy Tail: Phoenix Priestess
Tamio Ohki,Wolf Children
Tamio Ohki,Fate/Zero
Tamio Ohki,Children Who Chase Lost Voices
Tessyo Genda,Kukuriraige: Sanseitai Denki
Tessyo Genda,"'Tis Time for ""Torture,"" Princess"
Tessyo Genda,Sasaki and Peeps
Tessyo Genda,City Hunter the Movie: Angel Dust
Tessyo Genda,Campfire Cooking in Another World with my Absurd Skill
Tessyo Genda,Ayakashi Triangle
Tessyo Genda,The Magical Revolution of the Reincarnated Princess and the Genius Young Lady
Tessyo Genda,Urusei Yatsura
Atsuko Tanaka,Queen's Blade
Atsuko Tanaka,The Hill Dyed Rose Madder
Atsuko Tanaka,Ghost in the Shell 2.0
Atsuko Tanaka,The Daughter of Twenty Faces
Atsuko Tanaka,Amatsuki
Yuji Ueda,Hataraki Man
Yuji Ueda,Ghost Slayers Ayashi
Yuji Ueda,D.Gray-man
Maaya Sakamoto,To the Abandoned Sacred Beasts
Maaya Sakamoto,Carole & Tuesday
Maaya Sakamoto,Demon Slayer: Kimetsu no Yaiba
Maaya Sakamoto,Fruits Basket
Maaya Sakamoto,Is It Wrong to Try to Pick Up Girls in a Dungeon?: Arrow of the Orion
Takashi Matsuyama,Don's Road 8
Takashi Matsuyama,Don's Road 7
Takashi Matsuyama,Bakumatsu Gijinden Roman
Takashi Matsuyama,Don's Road 6
Takashi Matsuyama,Wandering Warriors
Takashi Matsuyama,Hunter x Hunter
Takashi Matsuyama,Nintama Rantarou Movie: Ninjutsu Gakuen Zenin Shutsudou! no Dan
Takashi Matsuyama,Mazinkaiser SKL
Takashi Matsuyama,HeartCatch PreCure!
Mitsuru Miyamoto,Blade of the Phantom Master
Mitsuru Miyamoto,Monster
Mitsuru Miyamoto,The Melody of Oblivion
Mitsuru Miyamoto,The Cosmopolitan Prayers
Mitsuru Miyamoto,Kochira Katsushikaku Kameari Kouenmae Hashutsujo The Movie 2: UFO Shuurai! Tornado Daisakusen
Mitsuru Miyamoto,Gunslinger Girl
Mitsuru Miyamoto,RahXephon: Pluralitas Concentio
Shinji Ogawa,Dragon Ball Z Side Story: Plan to Eradicate the Saiyans
Shinji Ogawa,Giant Robo: The Day the Earth Stood Still
Shinji Ogawa,Giant Robo: The Day the Earth Stood Still
Shinji Ogawa,"Run, Melos!"
Shinji Ogawa,Ninja Gaiden
Shinji Ogawa,Roujin Z
Shinji Ogawa,The Enemy's the Pirates!: The Cats' Banquet
Shigeru Chiba,"One Piece ""3D2Y"": Overcome Ace's Death! Luffy's Vow to his Friends"
Shigeru Chiba,Zyuden Sentai Kyoryuger Final Live Tour 2014
Shigeru Chiba,Heisei Rider vs. Showa Rider: Kamen Rider Wars feat. Super Sentai
Shigeru Chiba,The Next Generation: Patlabor
Shigeru Chiba,Zyuden Sentai Kyoryuger vs. Go-Busters: The Great Dinosaur War
Shigeru Chiba,Lupin the Third: Princess of the Breeze
Shigeru Chiba,Â£∞ÂÑ™Êà¶Èöä„Éú„Ç§„Çπ„Éà„Éº„É†7
Shigeru Chiba,Director's Cut Edition Zyuden Sentai Kyoryuger BRAVE PRELUDE
Hiroshi Yanaka,SHIROBAKO
Hiroshi Yanaka,Terra Formars
Hiroshi Yanaka,Terra Formars: Bugs-2 2599
Hiroshi Yanaka,Lupin the Third: Jigen's Gravestone
Hiroshi Yanaka,Tamako Love Story
Hiroshi Yanaka,Nobunaga the Fool
Hiroshi Yanaka,Gatchaman Crowds
Hiroshi Yanaka,Free!
Hiroshi Yanaka,Attack on Titan
Koichi Yamadera,Arknights
Koichi Yamadera,Go! Anpanman: Dolorin and the Baquel Carnival
Koichi Yamadera,Dragon Ball Super: Super Hero
Koichi Yamadera,A Girl Meets a Boy and a Robot
Kazuhiro Yamaji,Fudanshi Bartender no Tashinami
Kazuhiro Yamaji,SPY x FAMILY
Kazuhiro Yamaji,Space Camper Chicchi
Kazuhiro Yamaji,Detective Conan: Kaiju Gomera vs. Kamen Yaiba
Kazuhiro Yamaji,Sword Art Online the Movie ‚Äì Progressive ‚Äì Aria of a Starless Night
Kazuhiro Yamaji,Ultramarine Area
Kazuhiro Yamaji,Baragaki: Unbroken Samurai
Kazuhiro Yamaji,Record of Ragnarok
Kazuhiro Yamaji,"Farewell, My Dear Cramer"
Yutaka Nakano,A Certain Magical Index
Yutaka Nakano,Ghost in the Shell: Stand Alone Complex ‚Äì Solid State Society
Yutaka Nakano,Ghost in the Shell: S.A.C. 2nd GIG ‚Äì Individual Eleven
Yutaka Nakano,Ghost in the Shell: Stand Alone Complex ‚Äì The Laughing Man
Yutaka Nakano,Aquarion
Yutaka Nakano,Emma: A Victorian Romance
Yutaka Nakano,Naruto the Movie: Ninja Clash in the Land of Snow
Iemasa Kayumi,Monster
Iemasa Kayumi,Chrono Crusade
Iemasa Kayumi,Gungrave
Iemasa Kayumi,Requiem from the Darkness
Iemasa Kayumi,Petite Princess Yucie
Iemasa Kayumi,RahXephon
Akio Otsuka,Ultraman the Ride
Akio Otsuka,"I Got a Cheat Skill in Another World and Became Unrivaled in the Real World, Too"
Akio Otsuka,YouTuNya
Akio Otsuka,My Home Hero
Akio Otsuka,MAKE MY DAY
Akio Otsuka,LUPIN THE 3rd vs. CAT'S EYE
Akio Otsuka,Campfire Cooking in Another World with my Absurd Skill
Akio Otsuka,"Saving 80,000 Gold in Another World for My Retirement"
Tamio Ohki,Nichijou: My Ordinary Life
Tamio Ohki,Okamikakushi: Masque of the Wolf
Tamio Ohki,The Garden of Sinners: A Study in Murder (Part 2)
Tamio Ohki,Viper's Creed
Tamio Ohki,Ghost in the Shell 2.0
Tamio Ohki,Engine Sentai Go-Onger
Tamio Ohki,009-1
Tessyo Genda,Love Flops
Tessyo Genda,Uncle from Another World
Tessyo Genda,Crayon Shin-chan: Mononoke Ninja Chinp≈´den
Tessyo Genda,Summer Time Rendering
Tessyo Genda,The Heike Story
Tessyo Genda,Mashin Eiyuuden Wataru: Nana Tamashii no Ryuujinmaru - Saikai
Tessyo Genda,Kamen Rider: Beyond Generations
Atsuko Tanaka,The Piano Forest
Atsuko Tanaka,Devil May Cry
Atsuko Tanaka,Naruto Shipp≈´den
Atsuko Tanaka,Shattered Angels
Atsuko Tanaka,Strain: Strategic Armored Infantry
Atsuko Tanaka,Hataraki Man
Atsuko Tanaka,Kenichi: The Mightiest Disciple
Atsuko Tanaka,Ghost in the Shell: Stand Alone Complex ‚Äì Solid State Society
Yuji Ueda,Pok√©mon Ranger and the Temple of the Sea
Yuji Ueda,Project Blue Earth SOS
Yuji Ueda,Pok√©mon: The Mastermind of Mirage Pok√©mon
Yuji Ueda,The Third: The Girl with the Blue Eye
Yuji Ueda,Ouran High School Host Club
Yuji Ueda,Mushi-Shi
Yuji Ueda,Aria
Yuji Ueda,Hell Girl
Maaya Sakamoto,Made in Abyss: Wandering Twilight
Maaya Sakamoto,Made in Abyss: Journey's Dawn
Maaya Sakamoto,Learning with Manga! Fate/Grand Order
Maaya Sakamoto,Zoku Owarimonogatari
Maaya Sakamoto,The Seven Deadly Sins: Prisoners of the Sky
Maaya Sakamoto,The Piano Forest
Maaya Sakamoto,Cutie Honey Universe
Maaya Sakamoto,The Ancient Magus' Bride
Maaya Sakamoto,Made In Abyss
Takashi Matsuyama,kimi ni todoke -From Me to You-
Takashi Matsuyama,Asylum Session
Takashi Matsuyama,The Grudge 3
Takashi Matsuyama,Kurozuka
Takashi Matsuyama,Detroit Metal City
Takashi Matsuyama,Natsume Yujin-cho
Takashi Matsuyama,Crystal Blaze
Takashi Matsuyama,Kanokon
Takashi Matsuyama,Crayon Shin-chan: Invoke a Storm! The Singing Buttocks Bomb
Mitsuru Miyamoto,One Piece: Dead End Adventure
Mitsuru Miyamoto,Wolf's Rain
Mitsuru Miyamoto,Piano: The Melody of a Young Girl's Heart
Mitsuru Miyamoto,RahXephon
Mitsuru Miyamoto,Mirage of Blaze
Mitsuru Miyamoto,„Çã„Çç„ÅÜ„Å´Ââ£ÂøÉ -ÊòéÊ≤ªÂâ£ÂÆ¢Êµ™Êº´Ë≠ö- ÊòüÈúúÁ∑®
Mitsuru Miyamoto,Kaze no Yojimbo
Shinji Ogawa,Dragon Quest: Legend of the Hero Abel
Shinji Ogawa,Patlabor: The Movie
Shinji Ogawa,Ch√¥jin densetsu 3: Kanketsu jigoku hen
Shinji Ogawa,Urotsukid≈çji: Legend of the Overfiend
Shinji Ogawa,Racing Circuit Romance Twin
Shinji Ogawa,Tatakae!! Ramenman
Shinji Ogawa,Little Lord Fauntleroy
Shinji Ogawa,Grimm's Fairy Tale Classics
Shigeru Chiba,Space Battleship Yamato 2199: And Now the Warship Comes
Shigeru Chiba,Kamen Rider √ó Super Sentai √ó Space Sheriff: Super Hero Wars Z
Shigeru Chiba,Star Blazers [Space Battleship Yamato] 2199
Shigeru Chiba,Dragon Ball Z: Battle of Gods
Shigeru Chiba,Doraemon: Nobita's Secret Gadget Museum
Shigeru Chiba,Zyuden Sentai Kyoryuger
Shigeru Chiba,Tokumei Sentai Go-Busters vs. Kaizoku Sentai Gokaiger: The Movie
Shigeru Chiba,JoJo's Bizarre Adventure
Shigeru Chiba,Hyouka
Shigeru Chiba,Detective Conan: The Eleventh Striker
Hiroshi Yanaka,Bakumatsu Gijinden Roman
Hiroshi Yanaka,Battle Spirits: Sword Eyes
Hiroshi Yanaka,The Mystical Laws
Hiroshi Yanaka,After School Midnighters
Hiroshi Yanaka,Hunter x Hunter
Hiroshi Yanaka,Junod
Hiroshi Yanaka,Tensou Sentai Goseiger
Hiroshi Yanaka,Beyond the Heavens
Hiroshi Yanaka,Stitch!
Koichi Yamadera,The„ÉªUltraman: Jackal vs. Ultraman
Koichi Yamadera,Shin Ultra Fight
Koichi Yamadera,Shin Ultraman
Koichi Yamadera,DEEMO Memorial Keys
Koichi Yamadera,ÂÆáÂÆôÊà¶Ëâ¶„É§„Éû„Éà2205 Êñ∞„Åü„Å™„ÇãÊóÖÁ´ã„Å° ÂæåÁ´† -STASHA-
Koichi Yamadera,Jujutsu Kaisen 0
Koichi Yamadera,Ghost in the Shell: SAC_2045 Sustainable War
Koichi Yamadera,Sword Art Online the Movie ‚Äì Progressive ‚Äì Aria of a Starless Night
Koichi Yamadera,ÂÆáÂÆôÊà¶Ëâ¶„É§„Éû„Éà2205 Êñ∞„Åü„Å™„ÇãÊóÖÁ´ã„Å° ÂâçÁ´† -TAKE OFF-
Kazuhiro Yamaji,A Janitor
Kazuhiro Yamaji,Moriarty the Patriot
Kazuhiro Yamaji,Grand Blues!
Kazuhiro Yamaji,Butt Detective: Mystery of the Ruins of Tentoumu
Kazuhiro Yamaji,The God of High School
Kazuhiro Yamaji,"Wave, Listen to Me!"
Kazuhiro Yamaji,Mashin Sentai Kiramager
Kazuhiro Yamaji,Pok√©mon: Twilight Wings
Kazuhiro Yamaji,As You Like It
Yutaka Nakano,Tweeny Witches
Yutaka Nakano,Ghost in the Shell 2: Innocence
Yutaka Nakano,Ghost in the Shell: Stand Alone Complex
Yutaka Nakano,Please Teacher!
Yutaka Nakano,Zone of the Enders: Idolo
Yutaka Nakano,Cowboy Bebop
Yutaka Nakano,Bakumatsu no Spasibo
Yutaka Nakano,Ghost in the Shell
Iemasa Kayumi,Najica Blitz Tactics
Iemasa Kayumi,VanDread
Iemasa Kayumi,One Piece
Iemasa Kayumi,Zoids: Chaotic Century
Iemasa Kayumi,Crayon Shin-chan: Explosion! The Hot Spring's Feel Good Final Battle
Iemasa Kayumi,Master Keaton
Iemasa Kayumi,Ghost in the Shell
Iemasa Kayumi,Ruin Explorers - Fam & Ihrie
Akio Otsuka,Giant Beasts of ARS
Akio Otsuka,The Reincarnation of the Strongest Exorcist in Another World
Akio Otsuka,Revenger
Akio Otsuka,Love Flops
Akio Otsuka,Mamekichi Mameko ‚Äì The Daily Life of a NEET
Akio Otsuka,Ghost Book: Obake Zukan
Akio Otsuka,Laid-Back Camp the Movie
Akio Otsuka,Spriggan
Akio Otsuka,Summer Time Rendering
Tamio Ohki,Gunbuster: The Movie
Tamio Ohki,Mobile Suit Gundam MS IGLOO: Apocalypse 0079
Tamio Ohki,Kiba
Tamio Ohki,Eureka Seven
Tamio Ohki,Desert Punk
Tamio Ohki,Mobile Suit Gundam MS IGLOO
Tamio Ohki,Mobile Suit Gundam MS IGLOO: The Hidden One Year War
Tamio Ohki,Monster
Tessyo Genda,The Deer King
Tessyo Genda,Baki Hanma
Tessyo Genda,Dragon Goes House-Hunting
Tessyo Genda,Cute Executive Officer
Tessyo Genda,Crayon Shin-Chan: Crash! Rakuga Kingdom and Almost Four Heroes
Tessyo Genda,Auto Boy ‚Äì Carl from Mobile Land
Tessyo Genda,Oda Cinnamon Nobunaga
Atsuko Tanaka,Le Chevalier D‚ÄôEon
Atsuko Tanaka,Utawarerumono
Atsuko Tanaka,Ergo Proxy
Atsuko Tanaka,The Phoenix: Earthkeepers Chapter
Atsuko Tanaka,Ghost in the Shell: S.A.C. 2nd GIG ‚Äì Individual Eleven
Atsuko Tanaka,Fate/stay night
Atsuko Tanaka,Noein: To Your Other Self
Atsuko Tanaka,Ghost in the Shell: Stand Alone Complex ‚Äì The Laughing Man
Yuji Ueda,Fighting Beauty Wulong
Yuji Ueda,Fullmetal Alchemist the Movie: Conqueror of Shamballa
Yuji Ueda,Pok√©mon: Lucario and the Mystery of Mew
Yuji Ueda,Tomorrow I'll be Lively ~Half Sweet Potato~
Yuji Ueda,Honey and Clover
Yuji Ueda,Strawberry 100%
Yuji Ueda,Elemental Gelade
Yuji Ueda,Emma: A Victorian Romance
Yuji Ueda,Pok√©mon 3D Adventure: Find Mew!
Maaya Sakamoto,Fate/Apocrypha
Maaya Sakamoto,Re:Creators
Maaya Sakamoto,Black Butler: Book of the Atlantic
Maaya Sakamoto,Kizumonogatari Part 3: Reiketsu
Maaya Sakamoto,Monster Strike The Movie: To The Place of Beginnings
Maaya Sakamoto,The Great Passage
Maaya Sakamoto,Ajin: Demi-Human ‚Äì Collide
Takashi Matsuyama,Clannad: The Motion Picture
Takashi Matsuyama,Heroic Age
Takashi Matsuyama,MURAMASA Final Chapter: Advent
Takashi Matsuyama,MURAMASA Chapter 11: Kamui
Takashi Matsuyama,Tokyo Tribe 2
Takashi Matsuyama,MURAMASA Chapter 10: Kutsuyomi
Takashi Matsuyama,The Grudge 2
Takashi Matsuyama,Ghost Hunt
Takashi Matsuyama,MURAMASA Chapter 9: Hoshiyomi
Takashi Matsuyama,Bokura ga ita
Mitsuru Miyamoto,Fruits Basket
Mitsuru Miyamoto,"Z.O.E Dolores, i"
Mitsuru Miyamoto,Baki the Grappler
Mitsuru Miyamoto,The Tree In Sunlight
Mitsuru Miyamoto,The Big O
Mitsuru Miyamoto,Detective Conan: The Last Wizard of the Century
Mitsuru Miyamoto,Super Doll‚òÖLicca-chan
Mitsuru Miyamoto,Shadow Skill
Shinji Ogawa,Black Magic M-66
Shinji Ogawa,Jazz Daimyo
Shinji Ogawa,The Empty Table
Shinji Ogawa,The Fir Trees Remain
Shinji Ogawa,A Samurai‚Äôs Lie: Beloved Wife
Shinji Ogawa,Willful Murder
Shinji Ogawa,Blood Type: Blue
Shinji Ogawa,Sugata Sanshiro
Shigeru Chiba,Kaizoku Sentai Gokaiger vs. Space Sheriff Gavan: The Movie
Shigeru Chiba,The Voice Makes a Miracle
Shigeru Chiba,Kaizoku Sentai Gokaiger
Shigeru Chiba,Armored Trooper VOTOMS: Alone Again
Shigeru Chiba,Princess Jellyfish
Shigeru Chiba,And Yet the Town Moves
Shigeru Chiba,One Piece: Strong World Episode 0
Hiroshi Yanaka,Kamen Rider Den-O: Final Trilogy Special Edition
Hiroshi Yanaka,Metal Gear Solid: Digital Graphic Novel
Hiroshi Yanaka,Psychic Squad
Hiroshi Yanaka,Kamen Rider Den-O: Final Stage
Hiroshi Yanaka,Kaiji
Hiroshi Yanaka,Kanon
Hiroshi Yanaka,D.Gray-man
Hiroshi Yanaka,Submarine 707 Revolution
Hiroshi Yanaka,Gargoyle of Yoshinaga House
Hiroshi Yanaka,Kiba
Koichi Yamadera,Star Blazers [Space Battleship Yamato] 2205: The New Voyage
Koichi Yamadera,Space Battleship Yamato 2205: The New Voyage - Prior Chapter: Take Off
Koichi Yamadera,Baki Hanma
Koichi Yamadera,Words Bubble Up Like Soda Pop
Koichi Yamadera,Eden
Koichi Yamadera,Voice Spring!
Koichi Yamadera,GLOOMY The Naughty Grizzly
Koichi Yamadera,MARS RED
Kazuhiro Yamaji,Godzilla: The Planet Eater
Kazuhiro Yamaji,Super Dragon Ball Heroes
Kazuhiro Yamaji,"Kokkoku, Moment by Moment"
Kazuhiro Yamaji,"I'm Sorry, I Love You"
Kazuhiro Yamaji,BLAME!
Kazuhiro Yamaji,Case Closed: The Crimson Love Letter
Kazuhiro Yamaji,"Night Is Short, Walk On Girl"
Kazuhiro Yamaji,Sakura Quest
Kazuhiro Yamaji,Genocidal Organ
Yutaka Nakano,Island of Hell
Yutaka Nakano,Mount Hakkoda
Iemasa Kayumi,Tekkaman Blade II
Iemasa Kayumi,Sangokushi: The Distant Land
Iemasa Kayumi,Monster Planet of Godzilla
Iemasa Kayumi,Art of Fighting
Iemasa Kayumi,Coo of The Far Seas
Iemasa Kayumi,Dragon Ball Z: Broly ‚Äì The Legendary Super Saiyan
Iemasa Kayumi,Giant Robo: The Day the Earth Stood Still
Iemasa Kayumi,Giant Robo: The Day the Earth Stood Still
Iemasa Kayumi,Inferious Interplanetary War Chronicle - Condition Green
Iemasa Kayumi,Legend of Lemnear
Akio Otsuka,SPY x FAMILY
Akio Otsuka,Tomodachi Game
Akio Otsuka,Eternal 831
Akio Otsuka,The Genius Prince's Guide to Raising a Nation Out of Debt
Akio Otsuka,Dolls' Frontline
Akio Otsuka,Kamiki Ryunosuke's Filming Break
Akio Otsuka,Ghost in the Shell: SAC_2045 Sustainable War
Tamio Ohki,Ghost in the Shell 2: Innocence
Tamio Ohki,Uninhabited Planet Survive!
Tamio Ohki,Ninja Scroll: The Series
Tamio Ohki,Astro Boy
Tamio Ohki,Macross Zero
Tamio Ohki,Haibane Renmei
Tamio Ohki,Lupin the Third: Episode 0: First Contact
Tessyo Genda,"BOFURI: I Don't Want to Get Hurt, so I'll Max Out My Defense."
Tessyo Genda,Seton Academy: Join the Pack!
Tessyo Genda,How Heavy Are the Dumbbells You Lift?
Tessyo Genda,Journal of the Mysterious Creatures
Tessyo Genda,Isekai Quartet
Tessyo Genda,City Hunter: Shinjuku Private Eyes
Tessyo Genda,Saga of Tanya the Evil: The Movie
Tessyo Genda,Saint Seiya: Saintia Sho
Tessyo Genda,Ulysses: Jeanne d'Arc and the Alchemist Knight
Atsuko Tanaka,Prayers
Atsuko Tanaka,Lupin the Third: Angel Tactics
Atsuko Tanaka,Super Robot Wars
Atsuko Tanaka,Mahou Sentai Magiranger
Atsuko Tanaka,Gallery Fake
Atsuko Tanaka,Destiny of the Shrine Maiden
Atsuko Tanaka,Tweeny Witches
Atsuko Tanaka,Monster
Yuji Ueda,Gag Manga Biyori
Yuji Ueda,Buzzer Beater
Yuji Ueda,Rockman.EXE: The Program of Light and Darkness
Yuji Ueda,Bleach
Yuji Ueda,Pikachu's Summer Festival
Yuji Ueda,Pok√©mon: Destiny Deoxys
Yuji Ueda,Burst Angel
Yuji Ueda,Midori Days
Yuji Ueda,Doki Doki School Hours
Maaya Sakamoto,Kizumonogatari Part 2: Nekketsu
Maaya Sakamoto,Joker Game
Maaya Sakamoto,Re:ZERO -Starting Life in Another World-
Maaya Sakamoto,Code Geass: Akito the Exiled 5: To Beloved Ones
Maaya Sakamoto,Ghost In The Shell: The Movie Virtual Reality Diver
Maaya Sakamoto,Persona 3 the Movie: #4 Winter of Rebirth
Maaya Sakamoto,Ajin
Takashi Matsuyama,MURAMASA Chapter 8: Tsukiyomi
Takashi Matsuyama,MURAMASA Chapter 7: Orochi
Takashi Matsuyama,MURAMASA Chapter 6: Golden Dragon
Takashi Matsuyama,Mirrorman Reflex
Takashi Matsuyama,MURAMASA Chapter 5: Rakshasa
Takashi Matsuyama,Ginga Legend Weed
Takashi Matsuyama,Mushi-Shi
Takashi Matsuyama,Hell Girl
Mitsuru Miyamoto,Neo Ranga
Mitsuru Miyamoto,Fancy Lala
Mitsuru Miyamoto,Record of Lodoss War: Chronicles of the Heroic Knight
Mitsuru Miyamoto,Romantic Lake Mashuko Murders
Mitsuru Miyamoto,In the Beginning: The Bible Stories
Mitsuru Miyamoto,Kiko-chan's Smile
Mitsuru Miyamoto,KochiKame
Mitsuru Miyamoto,Ghost in the Shell
Mitsuru Miyamoto,H2
Shinji Ogawa,Suna no Utsuwa
Shigeru Chiba,"Sergeant Keroro The Super Duper Movie 5: Creation! Ultimate Keroro, Wonder Space-Time Island"
Shigeru Chiba,The Rebirth of Buddha
Shigeru Chiba,Go! Anpanman: Dadandan and the Twin Stars
Shigeru Chiba,Casshern Sins
Shigeru Chiba,Dr. Slump: Dr. Mashirito and Abale-chan
Shigeru Chiba,One Piece Special: The Detective Memoirs of Chief Straw Hat Luffy
Shigeru Chiba,Zatch Bell! Attack of Mechavulcan
Hiroshi Yanaka,Monster
Hiroshi Yanaka,Yugo The Negotiator
Hiroshi Yanaka,Chrono Crusade
Hiroshi Yanaka,Gunslinger Girl
Hiroshi Yanaka,Cromartie High School
Hiroshi Yanaka,Avenger
Hiroshi Yanaka,Submarine 707R
Koichi Yamadera,Evangelion: 3.0+1.0 Thrice Upon a Time
Koichi Yamadera,Gintama: The Very Final
Koichi Yamadera,Pok√©mon the Movie: Secrets of the Jungle
Koichi Yamadera,Over the Sky
Koichi Yamadera,BEM: BECOME HUMAN
Koichi Yamadera,Eiga Neko Neko Nihonshi: Ryouma no Hachamecha Time Travel ze yo!
Kazuhiro Yamaji,One Piece: Heart of Gold
Kazuhiro Yamaji,One Piece Film: GOLD
Kazuhiro Yamaji,91 Days
Kazuhiro Yamaji,Thunderbolt Fantasy
Kazuhiro Yamaji,Yu-Gi-Oh!: The Dark Side of Dimensions
Kazuhiro Yamaji,Joker Game
Iemasa Kayumi,City Hunter: .357 Magnum
Iemasa Kayumi,Neo Tokyo
Iemasa Kayumi,Goku: Midnight Eye
Iemasa Kayumi,Saint Seiya: The Heated Battle of the Gods
Akio Otsuka,My Senpai Is Annoying
Akio Otsuka,Kimi to Fit Boxing
Akio Otsuka,Baki Hanma
Akio Otsuka,Star Wars: Visions
Akio Otsuka,Godzilla the Ride
Tamio Ohki,Osamu Tezuka's Last Mystery of the 20th Century
Tamio Ohki,Sin: The Movie
Tamio Ohki,Jin-Roh: The Wolf Brigade
Tamio Ohki,Steel Angel Kurumi
Tamio Ohki,Master Keaton
Tamio Ohki,Cowboy Bebop
Tamio Ohki,Ninja Resurrection
Tessyo Genda,Gakuen Basara: Samurai High School
Tessyo Genda,Super Dragon Ball Heroes
Tessyo Genda,Teasing Master Takagi-san
Tessyo Genda,Mitsuboshi Colors
Tessyo Genda,„Åä„Åí„Çì„Åï„Çì„Å®„ÅÑ„Å£„Åó„Çá
Tessyo Genda,Makeruna!! Aku no Gundan!
Tessyo Genda,The Laughing Salesman NEW
Atsuko Tanaka,Ghost in the Shell 2: Innocence
Atsuko Tanaka,The Making of Ghost in the Shell 2: Innocence
Atsuko Tanaka,Heart Cocktail Again
Atsuko Tanaka,Maburaho
Atsuko Tanaka,The Great White Tower
Atsuko Tanaka,Battle Programmer Shirase
Atsuko Tanaka,Hoop Days
Yuji Ueda,Peacemaker
Yuji Ueda,Cromartie High School
Yuji Ueda,Pok√©mon: Gotta Dance!
Yuji Ueda,Pok√©mon: Jirachi - Wish Maker
Yuji Ueda,Stellvia of the Universe
Yuji Ueda,Ghost in the Shell: Stand Alone Complex
Yuji Ueda,Step Up Love Story
Yuji Ueda,Camp Pikachu
Yuji Ueda,Pok√©mon Heroes
Maaya Sakamoto,Kizumonogatari Part 1: Tekketsu
Maaya Sakamoto,Ghost in the Shell: Arise - Border 5: Pyrophoric Cult
Maaya Sakamoto,God Eater
Maaya Sakamoto,Ushio and Tora
Maaya Sakamoto,Ghost in the Shell: The New Movie
Maaya Sakamoto,Crayon Shin-chan: My Moving Story! Cactus Large Attack!
Maaya Sakamoto,Ghost in the Shell: Arise - Alternative Architecture
Takashi Matsuyama,MURAMASA Chapter 4: Crow
Takashi Matsuyama,MURAMASA Chapter 3: Puppet
Takashi Matsuyama,Zoids: Genesis
Takashi Matsuyama,Scary True Stories: Night 3
Takashi Matsuyama,Sh15uya
Takashi Matsuyama,Ultimate Girls
Takashi Matsuyama,The Grudge
Shigeru Chiba,The Law of Ueki
Shigeru Chiba,Beet the Vandel Buster
Shigeru Chiba,Monster
Shigeru Chiba,One Piece: Take Aim! The Pirate Baseball King
Shigeru Chiba,ÈõªÂÖâË∂ÖÁâπÊÄ•„Éí„Ç´„É™„Ç¢„É≥
Shigeru Chiba,MiniPato: Mobile Police Patlabor Minimum
Shigeru Chiba,One Piece: Dream Soccer King!
Shigeru Chiba,Hyperspace Boy Wonder Seven
Hiroshi Yanaka,Ghost in the Shell: Stand Alone Complex
Hiroshi Yanaka,.hack
Hiroshi Yanaka,Mazinkaiser
Hiroshi Yanaka,Ah! My Goddess: The Movie
Hiroshi Yanaka,Rurouni Kenshin: Requiem for the Ishin Patriots
Hiroshi Yanaka,Tokio Private Police
Hiroshi Yanaka,KochiKame
Koichi Yamadera,A Whisker Away
Koichi Yamadera,Kamen Rider Zero-One: Super Job War
Koichi Yamadera,Kamen Rider Zero-One: Shooting Special
Koichi Yamadera,Ghost in the Shell: SAC_2045
Koichi Yamadera,Motto! Majime ni fumaji me ka iketsu zorori
Koichi Yamadera,Listeners
Koichi Yamadera,Lupin III: The First
Kazuhiro Yamaji,BBK/BRNK
Kazuhiro Yamaji,One-Punch Man
Kazuhiro Yamaji,The Emperor in August
Kazuhiro Yamaji,The Boy and the Beast
Kazuhiro Yamaji,Psycho-Pass: The Movie
Kazuhiro Yamaji,Attack on Titan
Kazuhiro Yamaji,Êñ∞„Éª„Éü„Éä„Éü„ÅÆÂ∏ùÁéãÔΩûÁãô„Çè„Çå„ÅüÈäÄÊ¨°ÈÉéÔΩû
Iemasa Kayumi,Dragon's Heaven
Iemasa Kayumi,Area 88 Act III: Burning Mirage
Iemasa Kayumi,Area 88 Act II: The Requirements of Wolves
Iemasa Kayumi,Area 88
Iemasa Kayumi,Area 88 Act I: The Blue Skies of Betrayal
Iemasa Kayumi,Tale of the Earth
Iemasa Kayumi,Nausica√§ of the Valley of the Wind
Iemasa Kayumi,"Conan, the Boy in Future"
Akio Otsuka,"I, Tsushima"
Akio Otsuka,Pompo the Cinephile
Akio Otsuka,Artiswitch
Akio Otsuka,Neko Jockey
Akio Otsuka,CESTVS -The Roman Fighter-
Akio Otsuka,Evangelion: 3.0+1.0 Thrice Upon a Time
Akio Otsuka,I‚òÖChu: Halfway Through the Idol
Tamio Ohki,TEKKEN: The Motion Picture
Tamio Ohki,Berserk
Tamio Ohki,Ghost in the Shell
Tamio Ohki,The Irresponsible Captain Tylor  OVA
Tamio Ohki,Genocyber
Tamio Ohki,Lupin the Third: From Siberia with Love
Tamio Ohki,Roujin Z
Tessyo Genda,„Åü„Åæ„ÅΩ„Çì„Åö
Tessyo Genda,Saga of Tanya the Evil
Tessyo Genda,March Comes in Like a Lion
Tessyo Genda,Crayon Shin-chan Spin-off
Tessyo Genda,Taboo Tattoo
Tessyo Genda,Ultra Fight Victory
Tessyo Genda,Joker Game
Tessyo Genda,One-Punch Man
Atsuko Tanaka,Wolf's Rain
Atsuko Tanaka,Ghost in the Shell: Stand Alone Complex
Atsuko Tanaka,WXIII: Patlabor The Movie 3
Atsuko Tanaka,RahXephon
Atsuko Tanaka,Salaryman Kintaro
Atsuko Tanaka,Reign: The Conqueror Movie
Atsuko Tanaka,Gravitation
Atsuko Tanaka,Reign: The Conqueror
Yuji Ueda,Ground Defense Force! Mao-chan
Yuji Ueda,The Twelve Kingdoms
Yuji Ueda,Cheeky Angel
Yuji Ueda,Chobits
Yuji Ueda,MegaMan NT Warrior
Yuji Ueda,Digital Juice
Maaya Sakamoto,The Heroic Legend of Arslan
Maaya Sakamoto,Persona 3 the Movie: #3 Falling Down
Maaya Sakamoto,Black Butler: Book of Murder
Maaya Sakamoto,Alice in Borderland
Maaya Sakamoto,The Seven Deadly Sins
Maaya Sakamoto,Ghost in the Shell: Arise - Border 4: Ghost Stands Alone
Takashi Matsuyama,Tactics
Takashi Matsuyama,Fantastic Children
Takashi Matsuyama,MURAMASA Chapter 1: Awakening
Takashi Matsuyama,MURAMASA Chapter 2: The Power of Words
Takashi Matsuyama,Battle Programmer Shirase
Takashi Matsuyama,Ju-on: The Grudge 2
Takashi Matsuyama,Jingi 34: Killing Reward
Takashi Matsuyama,Nanaka 6/17
Takashi Matsuyama,Mouse
Takashi Matsuyama,Jingi 33: Gokudo Revenge War
Shigeru Chiba,Metropolis
Shigeru Chiba,Touch: Cross Road
Shigeru Chiba,Mon Colle Knight: Legendary Fire Dragon
Shigeru Chiba,The Aurora
Shigeru Chiba,Mon Colle Knights
Shigeru Chiba,One Piece
Shigeru Chiba,Lupin the Third: The Columbus Files
Shigeru Chiba,Spooky Kitaro: Kitaro's Ghost Train
Hiroshi Yanaka,Ghost in the Shell
Hiroshi Yanaka,Romeo and the Black Brothers
Hiroshi Yanaka,Wild 7
Hiroshi Yanaka,Wild 7: Biker Knights
Hiroshi Yanaka,Key the Metal Idol
Hiroshi Yanaka,Machine Robo: Revenge of Cronos
Hiroshi Yanaka,Kamen Rider
Koichi Yamadera,Shinkansen Henkei Robo Shinkalion The Movie: The Marvelous Fast ALFA-X That Comes From the Future
Koichi Yamadera,Lupin the Third: Prison of the Past
Koichi Yamadera,NiNoKuni
Koichi Yamadera,Dragon Quest: Your Story
Koichi Yamadera,Pok√©mon the Movie: Mewtwo Strikes Back - Evolution
Koichi Yamadera,Go! Anpanman: Twinkle! Princess Vanilla Of Ice Cream Land
Koichi Yamadera,Godzilla vs. Evangelion: The Real 4-D
Koichi Yamadera,Mistress
Koichi Yamadera,Demon Slayer: Kimetsu no Yaiba
Kazuhiro Yamaji,The King of Minami Returns: Ginjiro in Danger
Kazuhiro Yamaji,Dokidoki! PreCure
Kazuhiro Yamaji,Bayside Shakedown The Final: The New Hope
Kazuhiro Yamaji,Sword Art Online
Kazuhiro Yamaji,Made in Japan: Kora!
Kazuhiro Yamaji,Beelzebub
Kazuhiro Yamaji,Natsume Yujin-cho
Kazuhiro Yamaji,Tokyo Rhapsody
Kazuhiro Yamaji,Mushi-Shi
Kazuhiro Yamaji,Final Fantasy VII: Advent Children
Kazuhiro Yamaji,Shibuya Story
Kazuhiro Yamaji,Premonition
Iemasa Kayumi,Treasure Island
Iemasa Kayumi,One Million-Year Trip: Bander Book
Iemasa Kayumi,Future Boy Conan
Iemasa Kayumi,Goliath the Super Fighter
Iemasa Kayumi,GowappƒÅ Faibu G≈çdamu
Iemasa Kayumi,A Dog of Flanders
Akio Otsuka,Akudama Drive
Akio Otsuka,„Å©„ÅÜ„Åó„Å¶„ÇÇÂπ≤ÊîØ„Å´„ÅØ„ÅÑ„Çä„Åü„ÅÑ2
Akio Otsuka,Yashahime: Princess Half-Demon
Akio Otsuka,Great Pretender
Akio Otsuka,The Misfit of Demon King Academy
Akio Otsuka,Ghost in the Shell: SAC_2045
Tamio Ohki,Lupin the Third: Napoleon's Dictionary
Tamio Ohki,Nadia: The Secret of Blue Water - The Motion Picture
Tamio Ohki,Shizukanaru Don: Yakuza Side Story
Tamio Ohki,Mobile Suit Gundam F91
Tamio Ohki,Hakkenden: Legend of the Dog Warriors
Tamio Ohki,Record of Lodoss War
Tamio Ohki,A.D. Police Files
Tamio Ohki,Nadia: The Secret of Blue Water
Tamio Ohki,"Lupin the Third: Bye Bye, Lady Liberty"
Tessyo Genda,Boruto: Naruto the Movie
Tessyo Genda,Saint Seiya: Soul of Gold
Tessyo Genda,My Love Story!!
Tessyo Genda,The Heroic Legend of Arslan
Tessyo Genda,Death Parade
Tessyo Genda,The Testament of Sister New Devil
Tessyo Genda,Sabagebu: Soshite Dareka Inakunatta
Tessyo Genda,Tokyo ESP
Tessyo Genda,Appleseed Alpha
Tessyo Genda,Avengers Confidential: Black Widow & Punisher
Tessyo Genda,Black Bullet
Tessyo Genda,Hozuki's Coolheadedness
Atsuko Tanaka,Kindaichi Case Files Movie 2: Deep Blue Massacre
Atsuko Tanaka,Magic User's Club!
Atsuko Tanaka,Lupin the Third: Voyage to Danger
Atsuko Tanaka,BuBu ChaCha
Atsuko Tanaka,Angel Links
Atsuko Tanaka,Legend of Himiko
Atsuko Tanaka,Master Keaton
Yuji Ueda,Panyo Panyo Di Gi Charat
Yuji Ueda,Di Gi Charat: A Trip To The Planet
Maaya Sakamoto,Ghost in the Shell: Arise - Border 3: Ghost Tears
Maaya Sakamoto,Persona 3 the Movie: #2 Midsummer Knight's Dream
Maaya Sakamoto,Ghost in the Shell: Arise - Border 2: Ghost Whispers
Maaya Sakamoto,The Garden of Sinners: Recalled Out Summer - Extra Chorus
Maaya Sakamoto,The Garden of Sinners: Future Gospel
Maaya Sakamoto,Code Geass: Akito the Exiled 2: The Wyvern Divided
Takashi Matsuyama,Ju-on: The Grudge
Takashi Matsuyama,Bomberman Jetters
Takashi Matsuyama,Hungry Heart: Wild Striker
Takashi Matsuyama,Rizelmine
Takashi Matsuyama,Mejan ry≈´-den tanj≈ç-hen
Shigeru Chiba,Kamikaze Kaitou Jeanne
Shigeru Chiba,Touch: Miss Lonely Yesterday
Shigeru Chiba,Visitor
Shigeru Chiba,Serial Experiments Lain
Koichi Yamadera,City Hunter: Shinjuku Private Eyes
Koichi Yamadera,gen:LOCK
Koichi Yamadera,Lupin the Third: Goodbye Partner
Koichi Yamadera,Dragon Ball Super: Broly
Koichi Yamadera,Magical Girl Lyrical Nanoha: Detonation
Koichi Yamadera,Monster Strike the Movie: Sora no Kanata
Koichi Yamadera,Okko's Inn
Kazuhiro Yamaji,Kamen Rider Blade: Missing Ace
Kazuhiro Yamaji,Divorce Lawyer
Kazuhiro Yamaji,Monster
Kazuhiro Yamaji,Saint Seiya Heaven Chapter: Overture
Kazuhiro Yamaji,The Choice of Hercules
Kazuhiro Yamaji,Armitage: Dual Matrix
Kazuhiro Yamaji,Gokudo Retsuden Sakura (HANA) and Dragon (RYU)
Kazuhiro Yamaji,Inugami
Kazuhiro Yamaji,Sadamitsu the Destroyer
Kazuhiro Yamaji,Whiteout
Iemasa Kayumi,Kouya no Shounen Isamu
Iemasa Kayumi,Decision
Iemasa Kayumi,Tatakae! Osper
Iemasa Kayumi,Space Ace
Iemasa Kayumi,Astro Boy
Akio Otsuka,"SING ""YESTERDAY"" FOR ME"
Akio Otsuka,Psycho-Pass 3: First Inspector
Akio Otsuka,Kishiryu Sentai Ryusoulger VS Lupinranger VS Patranger
Akio Otsuka,Yuru Camp‚ñ≥
Akio Otsuka,Room Camp
Akio Otsuka,Super Shiro
Akio Otsuka,BEASTARS
Tamio Ohki,Gunbuster
Tamio Ohki,Appleseed
Tamio Ohki,Space Fantasia 2001 Nights
Tamio Ohki,Wicked City
Tamio Ohki,Project A-Ko
Tessyo Genda,Bayonetta: Bloody Fate
Tessyo Genda,They're Back! Tokumei Sentai Go-Busters vs. Doubutsu Sentai Go-Busters
Tessyo Genda,Iron Man: Rise of Technovore
Tessyo Genda,Crayon Shin-chan: Very Tasty! B-class Gourmet Survival!!
Tessyo Genda,Dragon Ball Z: Battle of Gods
Tessyo Genda,Tokumei Sentai Go-Busters vs. Kaizoku Sentai Gokaiger: The Movie
Tessyo Genda,Tokumei Sentai Go-Busters: Rising New Hero - Director's Cut Edition
Tessyo Genda,Asura
Tessyo Genda,Tokumei Sentai Go-Busters the Movie: Protect the Tokyo Enetower!
Atsuko Tanaka,Super Doll‚òÖLicca-chan
Atsuko Tanaka,Brain Powerd
Atsuko Tanaka,Fancy Lala
Atsuko Tanaka,Cowboy Bebop
Atsuko Tanaka,AWOL -Absent Without Leave-
Atsuko Tanaka,Master of Mosquiton '99
Atsuko Tanaka,Eikou e no Spur: Igaya Chiharu Monogatari
Yuji Ueda,„Çã„Çç„ÅÜ„Å´Ââ£ÂøÉ -ÊòéÊ≤ªÂâ£ÂÆ¢Êµ™Êº´Ë≠ö- ÊòüÈúúÁ∑®
Yuji Ueda,Hand Maid May: Product Recall
Yuji Ueda,X
Yuji Ueda,Pok√©mon: Mewtwo Returns
Yuji Ueda,Pikachu's PikaBoo
Yuji Ueda,Pok√©mon 4Ever
Yuji Ueda,Shaman King
Yuji Ueda,I My Me! Strawberry Eggs
Maaya Sakamoto,Space Pirate Captain Harlock
Maaya Sakamoto,The Garden of Sinners
Maaya Sakamoto,Ghost in the Shell: Arise - Border 1: Ghost Pain
Maaya Sakamoto,STAR DRIVER: The Movie
Maaya Sakamoto,"SAKAMOTO MAAYA COUNTDOWN LIVE 2012‚Üí2013 ÔΩûTOUR""Mitsubachi""FINALÔΩû"
Maaya Sakamoto,Evangelion: 3.0 You Can (Not) Redo
Maaya Sakamoto,Fus√©: Memoirs of a Huntress
Maaya Sakamoto,Tiger & Bunny: The Beginning
Maaya Sakamoto,Code Geass: Akito the Exiled 1: The Wyvern Arrives
Takashi Matsuyama,Jingi 28: Bone and Meat Rule
Takashi Matsuyama,Sadamitsu the Destroyer
Takashi Matsuyama,Maetel Legend
Takashi Matsuyama,Transformers: Car Robots
Takashi Matsuyama,Ju-on: The Curse 2
Takashi Matsuyama,Ju-on: The Curse
Shigeru Chiba,Very Private Lesson
Shigeru Chiba,Cowboy Bebop
Shigeru Chiba,Business Commando Yamazaki
Shigeru Chiba,Spooky Kitaro: Yokai Express! The Phantom Train
Shigeru Chiba,Hikarian - Great Railroad Protector
Shigeru Chiba,Spooky Kitaro: Ghost Nighter
Shigeru Chiba,Denji Sentai Megaranger
Shigeru Chiba,Apocalypse Zero
Koichi Yamadera,Lupin the Third: Is Lupin Still Burning?
Koichi Yamadera,Pok√©mon the Movie: The Power of Us
Koichi Yamadera,Super Dragon Ball Heroes
Koichi Yamadera,Batman Ninja
Koichi Yamadera,Layton Mystery Detective Agency: Kat's Mystery‚ÄëSolving Files
Koichi Yamadera,Life Goes on
Koichi Yamadera,Pop Team Epic
Koichi Yamadera,Zorori the Naughty Hero: The Secret of Double Z
Kazuhiro Yamaji,Saiyuki
Kazuhiro Yamaji,Isola: Multiple Personality Girl
Kazuhiro Yamaji,Ice World
Kazuhiro Yamaji,A Sleeping Forest
Kazuhiro Yamaji,Master Keaton
Kazuhiro Yamaji,TEKKEN: The Motion Picture
Kazuhiro Yamaji,Apartment Wife '98 Dangerous Ecstasy
Kazuhiro Yamaji,Detective Conan: The Time Bombed Skyscraper
Kazuhiro Yamaji,The Human Chair
Akio Otsuka,Africa Salaryman
Akio Otsuka,One Piece: Stampede
Akio Otsuka,Vinland Saga
Akio Otsuka,Patalliro! The Movie
Akio Otsuka,Lupinranger vs Patranger vs Kyuranger
Akio Otsuka,Crayon Shin-chan: Honeymoon Hurricane ~The Lost Hiroshi~
Akio Otsuka,Carole & Tuesday
Tamio Ohki,Spaceship Sagittarius
Tamio Ohki,Dream Hunter Rem
Tamio Ohki,Romance of the Three Kingdoms
Tamio Ohki,Cat's Eye
Tamio Ohki,Future War 198X
Tamio Ohki,Space Warriors Baldios
Tamio Ohki,The Swiss Family Robinson: Flone of the Mysterious Island
Tessyo Genda,Road to Ninja: Naruto the Movie
Tessyo Genda,Sword Art Online
Tessyo Genda,Kingdom
Tessyo Genda,Kamen Rider √ó Super Sentai: Super Hero Trouble! Who‚Äôs The Culprit?!
Tessyo Genda,Kamen Rider √ó Super Sentai: Super Hero Trouble ‚Äì Who‚Äôs the culprit?!
Tessyo Genda,Tokumei Sentai Go-Busters
Tessyo Genda,Smile PreCure!
Tessyo Genda,Suite Precure‚ô™ The Movie: Take It Back! The Miraculous Melody That Connects Hearts!
Tessyo Genda,"You're Being Summoned, Azazel-san"
Atsuko Tanaka,Psycho Diver: Soul Siren
Atsuko Tanaka,AIKa
Atsuko Tanaka,Hermes - Winds of Love
Atsuko Tanaka,Variable Geo
Atsuko Tanaka,Mach GoGoGo
Atsuko Tanaka,Advancer Tina
Atsuko Tanaka,Ghost in the Shell
Yuji Ueda,Chance Pop Session
Yuji Ueda,Shingu: Secret of the Stellar Wars
Yuji Ueda,Love Hina FINAL SELECTION: Anime Digest & LOVE LIVE HINA in Tokyo BAY N.K. -
Yuji Ueda,Project Arms
Yuji Ueda,Pr√©tear
Yuji Ueda,Love Hina Spring Special - I Wish Your Dream
Yuji Ueda,Sadamitsu the Destroyer
Yuji Ueda,Earth Maiden Arjuna
Yuji Ueda,Angel Sanctuary
Maaya Sakamoto,Sword Art Online
Maaya Sakamoto,Maaya Sakamoto Live 2011 in the silence
Maaya Sakamoto,Appleseed XIII: Ouranos
Maaya Sakamoto,Chihayafuru
Maaya Sakamoto,TEKKEN: Blood Vengeance
Maaya Sakamoto,Trigun: Badlands Rumble
Maaya Sakamoto,Usagi Drop
Maaya Sakamoto,Appleseed XIII
Maaya Sakamoto,Fullmetal Alchemist the Movie: The Sacred Star of Milos
Maaya Sakamoto,Blade
Takashi Matsuyama,Carried by the Wind: Tsukikage Ran
Takashi Matsuyama,‰ªÆÈù¢„É©„Ç§„ÉÄ„Éº„ÇØ„Ç¶„Ç¨
Takashi Matsuyama,Di Gi Charat
Takashi Matsuyama,Soul Hunter
Takashi Matsuyama,Revenge
Takashi Matsuyama,Corrector Yui
Takashi Matsuyama,Popolocrois Monogatari
Takashi Matsuyama,Inventor Boy Kanipan
Shigeru Chiba,Violinist of Hamelin
Shigeru Chiba,Saber Marionette J
Shigeru Chiba,Angel ga Tonda Hi
Shigeru Chiba,Spooky Kitaro: The Great Sea Beast
Shigeru Chiba,Lupin the Third: Dead or Alive
Shigeru Chiba,Midori no Makiba≈ç
Shigeru Chiba,Memories
Shigeru Chiba,Ghost in the Shell
Koichi Yamadera,Êò†Áîª„Åµ„ÅÜ„Åõ„Çì„ÅÑ„Å¨„ÉÜ„Ç£„Éã„Éº „Å™„Çì„Å†„Åã„Åµ„Åó„Åé„Å™„Åç„Çá„ÅÜ„Çä„ÇÖ„ÅÜ„ÅÆ„Åè„Å´ÔºÅ
Koichi Yamadera,Pok√©mon the Movie: I Choose You!
Koichi Yamadera,Gintama
Koichi Yamadera,The Dragon Dentist
Koichi Yamadera,Sword Art Online: The Movie ‚Äì Ordinal Scale
Koichi Yamadera,Inspector Zenigata
Koichi Yamadera,Lupin the Third: Goemon's Blood Spray
Koichi Yamadera,Monster Strike The Movie: To The Place of Beginnings
Koichi Yamadera,Mobile Police Patlabor Reboot
Koichi Yamadera,Pok√©mon the Movie: Volcanion and the Mechanical Marvel
Kazuhiro Yamaji,Ghost in the Shell
Kazuhiro Yamaji,Koibito Yo
Kazuhiro Yamaji,Black Jack
Kazuhiro Yamaji,Under One Roof
Kazuhiro Yamaji,Oishii Onna-tachi
Kazuhiro Yamaji,Hard Petting
Kazuhiro Yamaji,Lesbian School
Akio Otsuka,Code Geass: Lelouch of the Re;Surrection
Akio Otsuka,Star‚òÜTwinkle Precure
Akio Otsuka,Dororo
Akio Otsuka,Karakuri Circus
Akio Otsuka,The Seven Deadly Sins: Prisoners of the Sky
Akio Otsuka,Uchuu Sentai Kyuranger vs. Space Squad
Akio Otsuka,My Hero Academia: Two Heroes
Akio Otsuka,dele
Akio Otsuka,Patalliro! Stage Play ‚òÖStardust Project‚òÖ
Tamio Ohki,New Tetsujin-28
Tamio Ohki,Fumoon
Tamio Ohki,Lupin the Thief--Enigma of the 813
Tamio Ohki,Fighting General Daimos
Tamio Ohki,Voltes V
Tamio Ohki,A Dog of Flanders
Tamio Ohki,Karate Master
Tamio Ohki,Decision
Tamio Ohki,Norakuro
Tamio Ohki,Tomorrow's Joe
Tessyo Genda,Sengoku Basara: The Last Party
Tessyo Genda,Nichijou: My Ordinary Life
Tessyo Genda,Kaizoku Sentai Gokaiger
Tessyo Genda,Tensou Sentai Goseiger vs Shinkenger: Epic on the Silver Screen
Tessyo Genda,"Metal Fight Beyblade vs the Sun: Sol Blaze, the Scorching Hot Invader"
Tessyo Genda,Heroman
Tessyo Genda,Lupin the Third: The Last Job
Atsuko Tanaka,Macross 7: The Galaxy is Calling Me
Atsuko Tanaka,Virtua Fighter
Atsuko Tanaka,Princess Minerva
Atsuko Tanaka,Ghost in the Shell: Production Report
Atsuko Tanaka,My Sexual Harassment
Atsuko Tanaka,Mahoujin Guru Guru
Atsuko Tanaka,Yamato Takeru
Yuji Ueda,Love Hina Christmas Special: Silent Eve
Yuji Ueda,Mon Colle Knight: Legendary Fire Dragon
Yuji Ueda,Love Live Hina at the Osaka Bay
Yuji Ueda,Hand Maid May
Yuji Ueda,Prince Mackaroo the Movie: The Promised Summer - Ojaru and Semira
Yuji Ueda,Pikachu & Pichu
Maaya Sakamoto,Appleseed XIII: Tartaros
Maaya Sakamoto,You & Me
Maaya Sakamoto,Suzy's Zoo: Daisuki! Witzy
Takashi Matsuyama,Haunted Junction
Takashi Matsuyama,Dangan Runner
Shigeru Chiba,Go! Anpanman: Let's Defeat the Haunted Ship!!
Koichi Yamadera,Kingsglaive: Final Fantasy XV
Koichi Yamadera,Showa Genroku Rakugo Shinju
Kazuhiro Yamaji,Beautiful Sisters: Panting!
Kazuhiro Yamaji,Rape Hunter: Random Attacker
Kazuhiro Yamaji,Hit Woman
Akio Otsuka,BAKI
Akio Otsuka,Super Hero Festival: Kamen Rider x Super Sentai Live & Show 2018
Akio Otsuka,Mobile Suit Gundam: The Origin VI ‚Äì Rise of the Red Comet
Akio Otsuka,Golden Kamuy
Akio Otsuka,Full Metal Panic! Movie 3: Into The Blue
Tamio Ohki,Astro Boy
Tessyo Genda,The Legend of Koizumi
Atsuko Tanaka,Black Jack
Yuji Ueda,Pok√©mon 3: The Movie
Yuji Ueda,Angel Sanctuary
Yuji Ueda,Love Hina
Yuji Ueda,Ghiblies
Yuji Ueda,Mon Colle Knights
Yuji Ueda,Pok√©mon: Pikachu's Winter Vacation 2
Yuji Ueda,Di Gi Charat
Yuji Ueda,Break-Age
Yuji Ueda,Zoids: Chaotic Century
Maaya Sakamoto,The Garden of Sinners: Epilogue
Maaya Sakamoto,STAR DRIVER: Takuto of the Radiance
Maaya Sakamoto,"Maaya Sakamoto 15th Anniversary Live ""Gift"" at Nippon Budokan"
Maaya Sakamoto,The Tatami Galaxy
Maaya Sakamoto,Arakawa Under the Bridge
Maaya Sakamoto,Cobra the Animation
Maaya Sakamoto,Cobra the Animation: Rokunin no Y≈´shi
Maaya Sakamoto,Macross Frontier: The False Songstress
Maaya Sakamoto,Chatting with Creatures
Takashi Matsuyama,Violinist of Hamelin
Takashi Matsuyama,Love Hotel Night
Takashi Matsuyama,Ghost in the Shell
Takashi Matsuyama,Captive TORIKO The Body
Takashi Matsuyama,Kiriko
Shigeru Chiba,Juukou B-Fighter: The Movie
Shigeru Chiba,"Don't Lose, Makendo!"
Shigeru Chiba,Chouriki Sentai Ohranger
Koichi Yamadera,Lupin the Third: Italian Game
Koichi Yamadera,Lupin III: Non-Stop Rendezvous
Koichi Yamadera,Angel Heart
Koichi Yamadera,Cassette Girl
Koichi Yamadera,Robot on the Road
Koichi Yamadera,Zorori the Naughty Hero: Heroes of Space
Kazuhiro Yamaji,Shufu to Sei-seikatsu
Kazuhiro Yamaji,Marumo Jun no chijo densetsu
Kazuhiro Yamaji,Beauty in Rope Hell
Kazuhiro Yamaji,Tattoo
Kazuhiro Yamaji,Raped with Eyes: Daydream
Kazuhiro Yamaji,Strip The Female Teacher
Kazuhiro Yamaji,Attacked Woman
Kazuhiro Yamaji,Kamen Rider
Akio Otsuka,Mob Psycho 100
Akio Otsuka,Pop Team Epic
Akio Otsuka,Laid-Back Camp
Akio Otsuka,Yo-kai Watch Shadowside: Resurrection of the Demon King
Akio Otsuka,Uchuu Sentai Kyuranger: Final Stage
Akio Otsuka,Uchuu Sentai Kyuranger: Episode of Stinger
Tessyo Genda,Mazinger Edition Z: The Impact!
Tessyo Genda,Casshern Sins
Tessyo Genda,Ghost in the Shell 2.0
Tessyo Genda,Crayon Shin-chan: Invoke a Storm! The Singing Buttocks Bomb
Tessyo Genda,My Bride is a Mermaid
Tessyo Genda,Naruto Shipp≈´den
Yuji Ueda,Pok√©mon: Pikachu's Rescue Adventure
Yuji Ueda,The Uncut Story of Mewtwo's Origin
Yuji Ueda,Tokimeki Memorial: Forever With You
Yuji Ueda,Eden's Bowy
Yuji Ueda,Jubei-chan the Ninja Girl: Secret of the Lovely Eyepatch
Yuji Ueda,Let's Nupu Nupu
Yuji Ueda,Prince Mackaroo
Yuji Ueda,Martian Successor Nadesico: The Motion Picture - Prince of Darkness
Yuji Ueda,Pikachu's Vacation
Maaya Sakamoto,Death Note Relight 2: L's Successors
Maaya Sakamoto,The Garden of Sinners: A Study in Murder (Part 2)
Maaya Sakamoto,Canaan
Maaya Sakamoto,Monogatari
Maaya Sakamoto,Evangelion: 2.0 You Can (Not) Advance
Maaya Sakamoto,Ink Music: In the Land of the Hundred-Tongued Lyricist
Takashi Matsuyama,Nobody
Takashi Matsuyama,Sunny Gets Blue
Takashi Matsuyama,Talking Head
Takashi Matsuyama,Stray Dog: Kerberos Panzer Cops
Takashi Matsuyama,Blowback: Love & Death
Takashi Matsuyama,Crush On You
Takashi Matsuyama,Kamen Rider
Shigeru Chiba,Ghost Sweeper Mikami
Shigeru Chiba,The Irresponsible Captain Tylor  OVA
Shigeru Chiba,Iria: Zeiram the Animation
Shigeru Chiba,Iria: Zeiram the Animation
Shigeru Chiba,Love Wedge 2
Shigeru Chiba,Yu Yu Hakusho: Poltergeist Report
Shigeru Chiba,Final Fantasy: Legend of the Crystals
Shigeru Chiba,Genocyber
Shigeru Chiba,Natsuki Crisis
Shigeru Chiba,Ninja Sentai Kakuranger
Koichi Yamadera,Lupin III: Venice of the Dead
Koichi Yamadera,Bureau of Proto Society
Koichi Yamadera,Hammerhead
Koichi Yamadera,Pok√©mon the Movie: Hoopa and the Clash of Ages
Koichi Yamadera,Dragon Ball Super
Koichi Yamadera,Rapid Rouge
Akio Otsuka,Konohana Kitan
Akio Otsuka,Mobile Suit Gundam: The Origin V: Clash at Loum
Akio Otsuka,Uchuu Sentai Kyuranger The Movie: The Geth Indaver Strikes Back!
Akio Otsuka,Alice & Zoroku
Akio Otsuka,Kamen Rider √ó Super Sentai: Ultra Super Hero Wars
Akio Otsuka,Uchuu Sentai: Kyuranger Star Change With Us!
Akio Otsuka,Uchuu Sentai Kyuranger
Tessyo Genda,Lupin the Third: Seven Days Rhapsody
Tessyo Genda,Kenichi: The Mightiest Disciple
Tessyo Genda,Ultraman Mebius & Ultra Brothers
Tessyo Genda,Ghost in the Shell: Stand Alone Complex ‚Äì Solid State Society
Tessyo Genda,Gintama
Tessyo Genda,Akagi
Tessyo Genda,Mahou Sentai Magiranger
Tessyo Genda,Yakitate!! Japan
Tessyo Genda,Jing: King of Bandits Seventh Heaven
Yuji Ueda,Pok√©mon: The First Movie
Yuji Ueda,Very Private Lesson
Yuji Ueda,Nazca
Yuji Ueda,Neo Ranga
Yuji Ueda,Fancy Lala
Yuji Ueda,Rurouni Kenshin: Requiem for the Ishin Patriots
Yuji Ueda,Tournament of the Gods: Title Match
Maaya Sakamoto,"Sakamoto Maaya LIVE TOUR 2009 ""WE ARE KAZEYOMI!"""
Maaya Sakamoto,Final Fantasy VII: Advent Children Complete
Shigeru Chiba,Yu Yu Hakusho: Eizou Hakusho
Shigeru Chiba,Coo of The Far Seas
Shigeru Chiba,Bad Boys
Koichi Yamadera,Ibuseki Yoruni
Koichi Yamadera,I can Friday by day!
Koichi Yamadera,Dragon Ball Z: Resurrection 'F'
Koichi Yamadera,Three Fallen Witnesses
Koichi Yamadera,Tokio of the Moon's Shadow
Koichi Yamadera,Yuyake Dandan
Akio Otsuka,Genocidal Organ
Akio Otsuka,Doubutsu Sentai Zyuohger vs. Ninninger the Movie: Super Sentai's Message from the Future
Akio Otsuka,Mobile Suit Gundam: The Origin IV ‚Äì Eve of Destiny
Akio Otsuka,March Comes in Like a Lion
Akio Otsuka,RE:BORN
Akio Otsuka,Mob Psycho 100
Akio Otsuka,Mobile Suit Gundam: The Origin III - Dawn of Rebellion
Tessyo Genda,Transformers: Energon
Tessyo Genda,Requiem from the Darkness
Tessyo Genda,Saint Seiya: The Hades Chapter
Tessyo Genda,Paul Rusch: His Life and Dream
Tessyo Genda,Naruto
Yuji Ueda,Legend of the Mystical Ninja
Yuji Ueda,Master of Mosquiton '99
Yuji Ueda,Wild Cardz
Yuji Ueda,Hareluya II Boy
Yuji Ueda,Pok√©mon
Yuji Ueda,Undersea Fleet Submarine 707F
Maaya Sakamoto,The Garden of Sinners: Remix -Gate of seventh heaven
Maaya Sakamoto,The Garden of Sinners: Oblivion Recording
Maaya Sakamoto,Black Butler
Maaya Sakamoto,The Garden of Sinners: Paradox Spiral
Maaya Sakamoto,Blade of the Immortal
Maaya Sakamoto,Sands of Destruction
Maaya Sakamoto,Takane's Bicycle
Shigeru Chiba,Patlabor 2: The Movie
Shigeru Chiba,Incredible Zorori: The Wizard's Apprentice/The Great Pirate Treasure Hunt
Shigeru Chiba,Yu Yu Hakusho: The Movie - The Golden Seal
Shigeru Chiba,Battle Angel
Shigeru Chiba,Battle Angel
Koichi Yamadera,Sex & Violence with Machspeed
Koichi Yamadera,‰ªä„ÄÅ„Åµ„Åü„Çä„ÅÆÈÅì
Koichi Yamadera,Power Plant No.33
Koichi Yamadera,Yamadeloid
Koichi Yamadera,Gridman the Hyper Agent: boys invent great hero
Koichi Yamadera,Murder on the Orient Express
Akio Otsuka,My Hero Academia
Akio Otsuka,Ace Attorney
Akio Otsuka,Harmony
Akio Otsuka,PUNK FILM
Akio Otsuka,Mobile Suit Gundam: The Origin II - Artesia's Sorrow
Akio Otsuka,The Empire of Corpses
Akio Otsuka,Blood Blockade Battlefront
Akio Otsuka,Mobile Suit Gundam: The Origin I - Blue-Eyed Casval
Tessyo Genda,Zaion: I Wish You Were Here
Tessyo Genda,Mazinkaiser
Tessyo Genda,Tracing the Gray Summer
Tessyo Genda,"Z.O.E Dolores, i"
Tessyo Genda,Har√©+Guu
Yuji Ueda,Master of Mosquiton
Yuji Ueda,Violinist of Hamelin
Yuji Ueda,Martian Successor Nadesico
Yuji Ueda,Blue Seed Beyond
Yuji Ueda,Tattoon Master
Yuji Ueda,The Vision of Escaflowne
Maaya Sakamoto,The Garden of Sinners: The Hollow Shrine
Maaya Sakamoto,Soul Eater
Maaya Sakamoto,Macross Frontier
Maaya Sakamoto,Chi's Sweet Home
Maaya Sakamoto,The Garden of Sinners: Remaining Sense of Pain
Maaya Sakamoto,The Garden of Sinners: A Study in Murder (Part 1)
Maaya Sakamoto,The Garden of Sinners: Overlooking View
Shigeru Chiba,Ghost Sweeper GS Mikami
Shigeru Chiba,Â§©Êâç„Å¶„Çå„Å≥„Åè„Çì
Shigeru Chiba,Gosei Sentai Dairanger
Shigeru Chiba,Devil Hunter Yohko 2
Shigeru Chiba,Yu Yu Hakusho
Shigeru Chiba,Talking Head
Shigeru Chiba,Ai no Kusabi
Shigeru Chiba,Love Wedge 1
Shigeru Chiba,Rokudenashi Blues
Shigeru Chiba,Bakabon: Three Thousand Miles in Search of Osomatsu's Curry
Koichi Yamadera,"20min Walk from Nishi-Ogikubo Station, 2 Bedrooms, Living Room, Dining Room, Kitchen, 2mos Deposit, No Pets Allowed"
Koichi Yamadera,Carnage
Koichi Yamadera,ME!ME!ME!
Koichi Yamadera,Stitch and the Planet of Sand
Koichi Yamadera,Hill Climb Girl
Koichi Yamadera,Japan Animator Expo
Koichi Yamadera,The Dragon Dentist
Akio Otsuka,Tomcat's Big Adventure
Akio Otsuka,In Search of the Lost Future
Akio Otsuka,Space Brothers: Number Zero
Akio Otsuka,Samurai Warriors: Legend of the Sanada
Akio Otsuka,Shining Besides Funny Moon
Akio Otsuka,SHORT PEACE
Tessyo Genda,One Piece: Clockwork Island Adventure
Tessyo Genda,Earth Maiden Arjuna
Tessyo Genda,Crayon Shin-chan: A Storm-invoking Jungle
Tessyo Genda,Samurai: Hunt for the Sword
Tessyo Genda,Mystery of the Necronomicon
Tessyo Genda,One Piece
Tessyo Genda,The Big O
Tessyo Genda,Miss Critical Moment
Tessyo Genda,City Hunter Special: The Death of Vicious Criminal Saeba Ryo
Yuji Ueda,Rurouni Kenshin
Yuji Ueda,Ghost in the Shell
Yuji Ueda,Fobia
Yuji Ueda,Hyper Doll
Yuji Ueda,Wedding Peach
Yuji Ueda,Zenki
Yuji Ueda,Blue Seed
Yuji Ueda,The Irresponsible Captain Tylor  OVA
Maaya Sakamoto,Nasu: A Migratory Bird with Suitcase
Maaya Sakamoto,Bamboo Blade
Maaya Sakamoto,Sword of the Stranger
Maaya Sakamoto,Fist of the North Star: Legend of Raoh - Chapter of Fierce Fight
Maaya Sakamoto,Kanon
Maaya Sakamoto,Gunbuster vs Diebuster: Aim for the Top! The GATTAI!! Movie
Maaya Sakamoto,Diebuster: The Movie
Maaya Sakamoto,Poor Sisters Story
Maaya Sakamoto,Ouran High School Host Club
Shigeru Chiba,„Çµ„É©„ÉÄÂçÅÂãáÂ£´„Éà„Éû„Éà„Éû„É≥
Shigeru Chiba,Inferious Interplanetary War Chronicle - Condition Green
Shigeru Chiba,Urusei Yatsura: Always My Darling
Shigeru Chiba,The Abashiri Family
Shigeru Chiba,Stray Dog: Kerberos Panzer Cops
Shigeru Chiba,Dragon Ball Z: Lord Slug
Shigeru Chiba,Psychic Wars
Shigeru Chiba,"I am Devilman, the Devil!"
Koichi Yamadera,Space Battleship Yamato 2199: A Voyage to Remember
Koichi Yamadera,Pok√©mon the Movie: Diancie and the Cocoon of Destruction
Koichi Yamadera,Nobunaga Concerto
Koichi Yamadera,Saint Seiya: Legend of Sanctuary
Koichi Yamadera,Lupin the Third: Jigen's Gravestone
Koichi Yamadera,Insufficient Direction
Akio Otsuka,A Farewell to Weapons
Akio Otsuka,Kingdom Hearts 358/2 Days
Akio Otsuka,Berserk: The Golden Age Arc III - The Advent
Akio Otsuka,Hunter x Hunter: Phantom Rouge
Akio Otsuka,Evangelion: 3.0 You Can (Not) Redo
Akio Otsuka,JoJo's Bizarre Adventure
Akio Otsuka,Thermae Romae
Tessyo Genda,Crayon Shin-chan: Explosion! The Hot Spring's Feel Good Final Battle
Tessyo Genda,Rayearth Special Version -Wings of Hope-
Tessyo Genda,Crayon Shin-chan: Dengeki! Buta no Hizume Daisakusen
Tessyo Genda,Cowboy Bebop
Tessyo Genda,Ninja Resurrection
Tessyo Genda,Berserk
Tessyo Genda,City Hunter Special: Goodbye My Sweetheart
Yuji Ueda,Karaoke Senshi Mike-jirou
Yuji Ueda,The Dream of Russia
Yuji Ueda,Calimero
Yuji Ueda,Hurricane Live! 2032
Maaya Sakamoto,Mushi-Shi
Maaya Sakamoto,Ghost in the Shell: Stand Alone Complex ‚Äì The Laughing Man
Maaya Sakamoto,Tsubasa Chronicle The Movie: The Princess in the Birdcage Kingdom
Maaya Sakamoto,Final Fantasy VII: Advent Children
Maaya Sakamoto,Tsubasa RESERVoir CHRoNiCLE
Maaya Sakamoto,Black Jack
Maaya Sakamoto,Fantastic Children
Shigeru Chiba,Maison Ikkoku: Shipwrecked on Ikkoku Island
Shigeru Chiba,Devil Hunter Yohko
Shigeru Chiba,Patlabor: The New Files
Shigeru Chiba,Osomatsu-kun: Iyami Alone in the Wind
Shigeru Chiba,"Midoriyama High School, Koshien Edition (Movie)"
Shigeru Chiba,Patlabor: The TV Series
Shigeru Chiba,Dragon Ball Z: Dead Zone
Shigeru Chiba,Patlabor: The Movie
Shigeru Chiba,Dragon Ball Z
Koichi Yamadera,Possessions
Koichi Yamadera,Nuigulumar Z
Koichi Yamadera,Zyuden Sentai Kyoryuger vs. Go-Busters: The Great Dinosaur War
Koichi Yamadera,Zorori the Naughty Hero: Defend the Dinosaur Egg!
Koichi Yamadera,Lupin the Third vs. Detective Conan: The Movie
Akio Otsuka,Hunter x Hunter
Akio Otsuka,Fate/Zero
Akio Otsuka,7th Story Concert ‚ÄúM√§rchen‚Äù
Akio Otsuka,Blade
Akio Otsuka,Gokaiger Goseiger Super Sentai 199 Hero Great Battle
Akio Otsuka,Ghost in the Shell: Stand Alone Complex - Solid State Society 3D
Akio Otsuka,Precure All Stars Movie DX3: Deliver the Future! The Rainbow-Colored Flower That Connects the World
Tessyo Genda,Ninja Resurrection
Tessyo Genda,New Hurricane Polymar
Tessyo Genda,Hurricane Polymar: Holy Blood
Tessyo Genda,The Heroic Elegy of Confucius
Tessyo Genda,The Vision of Escaflowne
Tessyo Genda,Midori no Makiba≈ç
Tessyo Genda,Mobile Suit Gundam: The 08th MS Team
Maaya Sakamoto,The Eldest Boy and His Three Elder Sisters
Maaya Sakamoto,Saint Seiya: The Hades Chapter
Maaya Sakamoto,Jing: King of Bandits
Maaya Sakamoto,.hack
Maaya Sakamoto,Kanon
Maaya Sakamoto,RahXephon
Maaya Sakamoto,Kokoro Library
Shigeru Chiba,Ranma ¬Ω
Shigeru Chiba,Osomatsu-kun: Greetings From The Watermelon Planet-zansu!
Shigeru Chiba,The Three Musketeers: Adventure of Aramis
Shigeru Chiba,Racing Circuit Romance Twin
Shigeru Chiba,Osomatsu-kun: Go For It! Chibita's Oni War
Shigeru Chiba,Maison Ikkoku: The Final Chapter
Koichi Yamadera,Lupin the Third: Princess of the Breeze
Koichi Yamadera,Space Battleship Yamato 2199: And Now the Warship Comes
Koichi Yamadera,SHORT PEACE
Koichi Yamadera,Short Peace
Koichi Yamadera,Pok√©mon the Movie: Genesect and the Legend Awakened
Koichi Yamadera,Gintama: The Movie: The Final Chapter: Be Forever Yorozuya
Koichi Yamadera,Star Blazers [Space Battleship Yamato] 2199
Akio Otsuka,Destroy Vicious
Akio Otsuka,To: A Space Fantasy
Akio Otsuka,Super Street Fighter IV
Akio Otsuka,Halo Legends
Akio Otsuka,Halo Legends
Akio Otsuka,Durarara!!
Akio Otsuka,Baka and Test: Summon the Beasts
Akio Otsuka,To
Tessyo Genda,City Hunter Special: The Secret Service
Tessyo Genda,Ghost in the Shell
Tessyo Genda,Slayers: The Motion Picture
Tessyo Genda,Street Fighter II: V
Tessyo Genda,Crayon Shin-chan: Unkokusai's Ambition
Tessyo Genda,Dragon Ball Z: Fusion Reborn
Tessyo Genda,Wild 7
Maaya Sakamoto,Ghost Stories
Maaya Sakamoto,Escaflowne: The Movie
Maaya Sakamoto,Omishi Magical Theater Risky Safety
Maaya Sakamoto,Clover
Maaya Sakamoto,Nightwalker: The Midnight Detective
Maaya Sakamoto,Cowboy Bebop
Maaya Sakamoto,Record of Lodoss War: Chronicles of the Heroic Knight
Maaya Sakamoto,Aqua Age
Shigeru Chiba,Maison Ikkoku: Through the Passing of the Seasons
Shigeru Chiba,Dragon Ball: Mystical Adventure
Shigeru Chiba,The Tokyo Project
Shigeru Chiba,Charge!! Men's Private School
Shigeru Chiba,My Neighbor Totoro
Shigeru Chiba,Doctor Chichibuyama
Shigeru Chiba,Ultra B: Black Hole kara no Dokusaisha BB!!
Shigeru Chiba,Fist of the North Star - TV Compilation 3 - Legend of the Conqueror of Century's End - Raoh Must Die!
Shigeru Chiba,Urusei Yatsura: The Final Chapter
Shigeru Chiba,"Fist of the North Star - TV Compilation 2 - Six Sacred Fists of Nanto! Rei, the Star of Justice"
Koichi Yamadera,Dragon Ball Z: Battle of Gods
Koichi Yamadera,Kingdom Hearts 358/2 Days
Koichi Yamadera,Zorori the Naughty Hero: Super Adventure!
Koichi Yamadera,Lupin the Third: The Secret Page of Marco Polo
Koichi Yamadera,After School Midnighters
Koichi Yamadera,Pok√©mon the Movie: Kyurem vs. the Sword of Justice
Koichi Yamadera,Sword Art Online
Koichi Yamadera,Go! Anpanman: Revive Banana Island!
Akio Otsuka,To Symbiotic Planet
Akio Otsuka,Jungle Emperor: Courage Changes the Future
Akio Otsuka,Canaan
Akio Otsuka,The River's Light
Akio Otsuka,Dogs: Bullets & Carnage
Akio Otsuka,Detective Conan: The Raven Chaser
Akio Otsuka,AIKa ZERO
Tessyo Genda,Wild 7: Biker Knights
Tessyo Genda,Magic Knight Rayearth
Tessyo Genda,Samurai Shodown: The Motion Picture
Tessyo Genda,Cosmic Fantasy: Galaxy Cougar's Trap
Tessyo Genda,Ninja Sentai Kakuranger
Tessyo Genda,Black Jack
Maaya Sakamoto,The Vision of Escaflowne
Maaya Sakamoto,Ghost in the Shell
Maaya Sakamoto,Makkuro na Obent√¥
Maaya Sakamoto,Gunbuster
Shigeru Chiba,Lupin the Third: The Fuma Conspiracy
Shigeru Chiba,Good Morning Althea
Shigeru Chiba,Grimm's Fairy Tale Classics
Shigeru Chiba,Norakuro-kun
Shigeru Chiba,Hyper Combat Unit Dangaioh
Shigeru Chiba,Lily C.A.T.
Shigeru Chiba,Twilight Q
Koichi Yamadera,Sore Ike! Anpanman: Rhythm de Teasobi - Anpanman to Fushigi na Parasol
Koichi Yamadera,A Letter to Momo
Koichi Yamadera,Lupin the Third: The Woman Called Fujiko Mine
Koichi Yamadera,Doraemon: Nobita and the Island of Miracles ‚Äì Animal Adventure
Koichi Yamadera,Magic Tree House
Koichi Yamadera,Friends: Naki on Monster Island
Koichi Yamadera,Lupin the Third: Blood Seal of the Eternal Mermaid
Akio Otsuka,Bleach the Movie: Fade to Black
Akio Otsuka,Yes! Precure 5 Go Go! Movie: Happy Birthday in the Land of Sweets
Akio Otsuka,Mobile Suit Gundam MS IGLOO 2: Gravity Front
Akio Otsuka,Mobile Suit Gundam MS IGLOO 2: Gravity of the Battlefront
Akio Otsuka,Xam'd: Lost Memories
Akio Otsuka,Ghost in the Shell 2.0
Akio Otsuka,Metal Gear Solid 2: Digital Graphic Novel
Akio Otsuka,Metal Gear Solid: Digital Graphic Novel
Akio Otsuka,Bleach the Movie: The DiamondDust Rebellion
Akio Otsuka,Nasu: A Migratory Bird with Suitcase
Tessyo Genda,Bonobono
Tessyo Genda,Crayon Shin-chan: Action Mask vs. Leotard Devil
Tessyo Genda,Rokudenashi Blues 1993
Tessyo Genda,Dragon Ball Z: Bojack Unbound
Tessyo Genda,Shippuu! Iron Leaguer
Tessyo Genda,D-1 Devastator
Tessyo Genda,Nangoku Shounen Papuwa-kun
Tessyo Genda,Talking Head
Shigeru Chiba,Twilight Q
Shigeru Chiba,The Red Spectacles
Shigeru Chiba,Touch 2: The Farewell Gift
Shigeru Chiba,Urban Square: In Pursuit of Amber
Shigeru Chiba,Anmitsu Hime: From Amakara Castle
Shigeru Chiba,Urusei Yatsura: Memorial Album
Shigeru Chiba,Super Mario Brothers: Great Mission to Rescue Princess Peach
Shigeru Chiba,Megazone 23 II
Koichi Yamadera,The Voice Makes a Miracle
Koichi Yamadera,Appleseed XIII: Ouranos
Koichi Yamadera,Hunter x Hunter
Koichi Yamadera,Deadball
Koichi Yamadera,Pok√©mon the Movie: White - Victini and Zekrom
Koichi Yamadera,Pok√©mon the Movie: Black - Victini and Reshiram
Koichi Yamadera,Appleseed XIII
Koichi Yamadera,„Åù„Çå„ÅÑ„Åë!„Ç¢„É≥„Éë„É≥„Éû„É≥ „ÅÜ„Åü„Å£„Å¶„Å¶„ÅÇ„Åù„Å≥ „Ç¢„É≥„Éë„É≥„Éû„É≥„Å®„ÇÇ„Çä„ÅÆ„Åü„Åã„Çâ
Koichi Yamadera,Go! Anpanman: Rescue! Kokorin and the Star of Miracles
Akio Otsuka,Sword of the Stranger
Akio Otsuka,Vexille
Akio Otsuka,Devil May Cry
Akio Otsuka,Tales of Symphonia: The Animation
Akio Otsuka,Bleach the Movie: Memories of Nobody
Akio Otsuka,Paprika
Akio Otsuka,Kenichi: The Mightiest Disciple
Akio Otsuka,Ghost in the Shell: Stand Alone Complex ‚Äì Solid State Society
Akio Otsuka,Naruto the Movie: Guardians of the Crescent Moon Kingdom
Akio Otsuka,Coyote Ragtime Show
Akio Otsuka,Detective Conan: The Private Eyes' Requiem
Tessyo Genda,Super Zugan
Tessyo Genda,Bastard!!
Tessyo Genda,Ê∫Ä„Å°„Å¶„Åè„Çã ÊôÇ„ÅÆ„ÇÄ„Åì„ÅÜ„Å´
Tessyo Genda,Meisou-Ou Border
Tessyo Genda,Locke the Superman: New World Command
Tessyo Genda,Urusei Yatsura: Always My Darling
Tessyo Genda,Dear Brother
Shigeru Chiba,Maison Ikkoku
Shigeru Chiba,Magical Idol Pastel Yumi
Shigeru Chiba,Dragon Ball
Shigeru Chiba,Urusei Yatsura: Lum the Forever
Shigeru Chiba,Panzer World Galient
Shigeru Chiba,Urusei Yatsura: Ryoko's September Tea Party
Shigeru Chiba,"Magical Emi, the Magic Star"
Shigeru Chiba,Konpora Kid
Koichi Yamadera,Appleseed XIII: Tartaros
Koichi Yamadera,Ghost in the Shell: Stand Alone Complex - Solid State Society 3D
Koichi Yamadera,Precure All Stars Movie DX3: Deliver the Future! The Rainbow-Colored Flower That Connects the World
Koichi Yamadera,Soreike! Anpanman: Donburimantorio no Otsukai
Koichi Yamadera,Karate Girl
Koichi Yamadera,URAKARA
Koichi Yamadera,Go! Anpanman: Blacknose and the Magical Song
Koichi Yamadera,Pok√©mon: Zoroark - Master of Illusions
Akio Otsuka,Gintama
Akio Otsuka,The Melancholy of Haruhi Suzumiya
Akio Otsuka,Fist of the North Star: Legend of Raoh - Chapter of Death in Love
Akio Otsuka,Ghost in the Shell: S.A.C. 2nd GIG ‚Äì Individual Eleven
Akio Otsuka,Metal Gear Solid 3: Existence
Akio Otsuka,Black Jack: The Two Doctors in Black
Akio Otsuka,Ghost in the Shell: Stand Alone Complex ‚Äì The Laughing Man
Tessyo Genda,Scary True Stories
Tessyo Genda,Nadia: The Secret of Blue Water - The Motion Picture
Tessyo Genda,RG Veda
Tessyo Genda,Blazing Transfer Student
Tessyo Genda,The Abashiri Family
Tessyo Genda,Eguchi's Hisashi's Kotobuki Goro Show
Shigeru Chiba,Ninja Hattori-kun + Perman: Ninja Beast Jipp≈ç vs. Miracle Egg
Shigeru Chiba,Megazone 23
Shigeru Chiba,Urusei Yatsura: Remember My Love
Shigeru Chiba,Dr. Slump and Arale-chan: Hoyoyo! The Treasure of Nanaba Castle
Shigeru Chiba,Fist of the North Star
Shigeru Chiba,Panzer World Galient
Shigeru Chiba,Bagi: The Monster of Mighty Nature
Shigeru Chiba,È≠îÊ≥ï„ÅÆÂ¶ñÁ≤æ „Éö„É´„Ç∑„É£
Shigeru Chiba,Chikkun Takkun
Shigeru Chiba,Ninja Hattori-kun + Perman: ESP Wars
Shigeru Chiba,Urusei Yatsura: Beautiful Dreamer
Koichi Yamadera,Go! Anpanman: Go! The Exciting Anpanman Grand Prix
Koichi Yamadera,Gintama: The Movie
Koichi Yamadera,Yona Yona Penguin
Koichi Yamadera,Space Battleship Yamato Resurrection
Koichi Yamadera,Professor Layton and the Eternal Diva
Koichi Yamadera,Yatterman: All New YatterMechas Assembled! Great Decisive Battle in the Toy Kingdom!
Akio Otsuka,The Snow Queen
Akio Otsuka,One Piece: Baron Omatsuri and the Secret Island
Akio Otsuka,Mahou Sentai Magiranger
Akio Otsuka,Black Jack
Akio Otsuka,Bleach
Akio Otsuka,Howl's Moving Castle
Akio Otsuka,Mobile Suit Gundam MS IGLOO
Akio Otsuka,Samurai Champloo
Tessyo Genda,Wizardry
Tessyo Genda,"I am Devilman, the Devil!"
Tessyo Genda,Adventures of the Little Mermaid
Tessyo Genda,The Mischievous Twins
Tessyo Genda,Sword for Truth
Tessyo Genda,Mad Bull 34
Tessyo Genda,Hakkenden: Legend of the Dog Warriors
Tessyo Genda,City Hunter: Bay City Wars
Tessyo Genda,City Hunter: Million Dollar Conspiracy
Tessyo Genda,"Midoriyama High School, Koshien Edition (Movie)"
Tessyo Genda,Cyber City Oedo 808
Shigeru Chiba,Document: Fang of the Sun Dougram
Shigeru Chiba,Little Big Nose
Shigeru Chiba,Mrs. Pepper Pot
Shigeru Chiba,Armored Trooper VOTOMS
Shigeru Chiba,Dr. Slump and Arale-chan: Hoyoyo! The Great Race Around The World
Shigeru Chiba,Urusei Yatsura: Only You
Shigeru Chiba,Dr. Slump: Hoyoyo! Space Adventure
Koichi Yamadera,20th Century Boys 3: Redemption
Koichi Yamadera,Pok√©mon: Arceus and the Jewel of Life
Koichi Yamadera,Go! Anpanman: Dadandan and the Twin Stars
Koichi Yamadera,Go! Anpanman: Baikinman VS Baikinman!?
Koichi Yamadera,Evangelion: 2.0 You Can (Not) Advance
Koichi Yamadera,The River's Light
Akio Otsuka,Monster
Akio Otsuka,‰ªäÊó•„Åã„Çâ„ãÆÁéã!
Akio Otsuka,Kyo Kara Maoh!
Akio Otsuka,Sgt. Frog
Akio Otsuka,Ghost in the Shell 2: Innocence
Akio Otsuka,Nitaboh
Akio Otsuka,The Making of Ghost in the Shell 2: Innocence
Akio Otsuka,Black Jack Special: The 4 Miracles of Life
Akio Otsuka,Inuyasha the Movie 3: Swords of an Honorable Ruler
Akio Otsuka,Tokyo Godfathers
Tessyo Genda,Cyber City Oedo 808
Tessyo Genda,A.D. Police Files
Tessyo Genda,Goddamn
Tessyo Genda,Goddamn
Tessyo Genda,Heavy
Tessyo Genda,Sol Bianca
Tessyo Genda,MAROKO
Tessyo Genda,Seriously!
Shigeru Chiba,Queen Millennia
Shigeru Chiba,Space Warriors Baldios
Shigeru Chiba,Fang of the Sun Dougram
Shigeru Chiba,Miss Machiko
Shigeru Chiba,Dr. Slump and Arale-chan: Hello! Wonder Island
Shigeru Chiba,Dr. Slump
Shigeru Chiba,The Wonderful Adventures of Nils
Koichi Yamadera,Fullmetal Alchemist: Brotherhood
Koichi Yamadera,Êù±‰∫¨„Çµ„É≥„Ç∑„É£„Ç§„É≥„Éú„Éº„Ç§„Ç∫„Äéreturns„Äè
Koichi Yamadera,Yatterman
Koichi Yamadera,Go! Anpanman: Franken-Robo-kun's Surprised Christmas
Koichi Yamadera,Stitch!
Koichi Yamadera,Pok√©mon: Giratina and the Sky Warrior
Koichi Yamadera,Go! Anpanman: The Secret of Fairy Rin-Rin
Koichi Yamadera,Ghost in the Shell 2.0
Akio Otsuka,The Galaxy Railways
Tessyo Genda,Urusei Yatsura: Catch the Heart
Tessyo Genda,Ys
Tessyo Genda,Cybernetics Guardian
Tessyo Genda,Aim For The Ace! Final Stage
Tessyo Genda,Project A-Ko 4: Final
Shigeru Chiba,X-Bomber
Shigeru Chiba,Back to the Forest
Shigeru Chiba,The Wonderful Adventures of Nils
Shigeru Chiba,Misha The Bearcub
Shigeru Chiba,The‚òÜUltraman
Koichi Yamadera,Allison & Lillia
Koichi Yamadera,Megumi
Koichi Yamadera,The Fantastic Deer-Man
Koichi Yamadera,Yatterman
Koichi Yamadera,Nasu: A Migratory Bird with Suitcase
Koichi Yamadera,Appleseed: Ex Machina
Akio Otsuka,Requiem from the Darkness
Akio Otsuka,The Animatrix
Akio Otsuka,Piano: The Melody of a Young Girl's Heart
Akio Otsuka,Saint Seiya: The Hades Chapter
Akio Otsuka,Ghost in the Shell: Stand Alone Complex
Tessyo Genda,Legend of Lemnear
Tessyo Genda,Sonic Soldier Borgman: Last Battle
Tessyo Genda,Angel Cop
Tessyo Genda,Gosenzo-sama Banbanzai!
Tessyo Genda,Á¥Ö„ÅÑÁâô „Éñ„É´„Éº„Éª„ÇΩ„Éç„ÉÉ„Éà
Tessyo Genda,Riki-Oh: The Wall of Hell
Shigeru Chiba,Koichiro Uno's Wet and Open
Shigeru Chiba,Bathhouse 911: Jellyfish Bliss
Shigeru Chiba,Tomorrow's Joe
Shigeru Chiba,Marude Dameo
Koichi Yamadera,Sword of the Stranger
Koichi Yamadera,Pok√©mon: The Rise of Darkrai
Koichi Yamadera,Fist of the North Star: Legend of Raoh - Chapter of Fierce Fight
Koichi Yamadera,Oh! Edo Rocket
Koichi Yamadera,„Ç¢„É≥„Éë„É≥„Éû„É≥„Å®„ÅØ„Åò„ÇÅ„Çà„ÅÜ!„ÅäÊ≠å„Å®Êâã„ÅÇ„Åù„Å≥Á∑® „ÅÑ„Å£„Åó„Çá„Å´„Å¶„ÅÇ„Åù„Å≥
Akio Otsuka,Tenchi Muyo! GXP
Akio Otsuka,„Çã„Çç„ÅÜ„Å´Ââ£ÂøÉ -ÊòéÊ≤ªÂâ£ÂÆ¢Êµ™Êº´Ë≠ö- ÊòüÈúúÁ∑®
Akio Otsuka,Cyborg 009
Akio Otsuka,Lupin the Third: Alcatraz Connection
Akio Otsuka,Kinnikuman II
Akio Otsuka,Touch: Cross Road
Akio Otsuka,Luffy's Fall! The Unexplored Region - Grand Adventure in the Ocean's Navel
Tessyo Genda,City Hunter: .357 Magnum
Tessyo Genda,Venus Wars
Tessyo Genda,The Three Musketeers: Adventure of Aramis
Tessyo Genda,The Adventures of Peter Pan
Tessyo Genda,Hades Project: Zeorymer Extinction
Tessyo Genda,Shuten Doji - The Star Hand Kid
Koichi Yamadera,Paprika
Koichi Yamadera,Intrigue in the Bakumatsu ‚Äì Irohanihoheto
Koichi Yamadera,Fist of the Blue Sky
Koichi Yamadera,Ghost in the Shell: Stand Alone Complex ‚Äì Solid State Society
Akio Otsuka,Osamu Tezuka's Last Mystery of the 20th Century
Akio Otsuka,Black Jack: Capital Transfer To Heian
Akio Otsuka,Sin: The Movie
Akio Otsuka,Fighting Spirit
Tessyo Genda,Space Family Carlvinson
Tessyo Genda,Dragon Century
Tessyo Genda,"Fair, then Partly Piggy"
Tessyo Genda,Vampire Princess Miyu
Tessyo Genda,Akira
Tessyo Genda,Dragon Ball: Mystical Adventure
Tessyo Genda,Charge!! Men's Private School
Tessyo Genda,Project A-Ko 3: Cinderella Rhapsody
Tessyo Genda,Balthus: Tia's Radiance
Koichi Yamadera,Pok√©mon Ranger and the Temple of the Sea
Koichi Yamadera,Go! Anpanman: Kokin-chan and the Blue Tears
Koichi Yamadera,Tachigui: The Amazing Lives of the Fast Food Grifters
Koichi Yamadera,Gintama
Koichi Yamadera,Zorori the Naughty Hero: Quest For The Mysterious Treasure
Koichi Yamadera,Ghost in the Shell: S.A.C. 2nd GIG ‚Äì Individual Eleven
Akio Otsuka,Devilman - Volume 3: Devilman Apocalypse
Akio Otsuka,Crayon Shin-chan: A Storm-invoking Jungle
Akio Otsuka,Ghiblies
Akio Otsuka,Magic User's Club!
Akio Otsuka,Meltylancer: The Animation
Tessyo Genda,Saint Seiya: The Heated Battle of the Gods
Tessyo Genda,Urusei Yatsura: The Final Chapter
Tessyo Genda,Hades Project: Zeorymer Separation
Tessyo Genda,The Phoenix: Space Chapter
Tessyo Genda,Good Morning Althea
Tessyo Genda,Taiman Blues Naoto Shimizu Chapter
Tessyo Genda,Devilman
Tessyo Genda,Grimm's Fairy Tale Classics
Koichi Yamadera,Suite Dreams
Koichi Yamadera,Stormy Night
Koichi Yamadera,Ghost in the Shell: Stand Alone Complex ‚Äì The Laughing Man
Koichi Yamadera,Pok√©mon: Lucario and the Mystery of Mew
Koichi Yamadera,Detective Conan: Strategy Above the Depths
Koichi Yamadera,Xenosaga: The Animation
Akio Otsuka,Kyuukyuu Sentai GoGoFive
Akio Otsuka,Rayearth Special Version -Wings of Hope-
Akio Otsuka,Steam Detectives
Akio Otsuka,Kurogane Communication
Akio Otsuka,Popolocrois Monogatari
Akio Otsuka,Golgo 13: Queen Bee
Akio Otsuka,Neo Ranga
Tessyo Genda,Kamen no Ninja Akakage
Tessyo Genda,Norakuro-kun
Tessyo Genda,TO-Y
Koichi Yamadera,Godzilla: Final Wars
Koichi Yamadera,Movie box-ing
Koichi Yamadera,Bleach
Koichi Yamadera,Pok√©mon: Destiny Deoxys
Koichi Yamadera,Sore Ike! Anpanman: Tsukiko to Shiratama - Tokimeki Dancing
Koichi Yamadera,Ghost in the Shell 2: Innocence
Koichi Yamadera,Tokyo Godfathers
Akio Otsuka,Cowboy Bebop
Akio Otsuka,Legend of Basara
Akio Otsuka,TRIGUN
Akio Otsuka,Ultra Nyan 2: The Great Happy Operation
Akio Otsuka,Seijuu Sentai Gingaman
Akio Otsuka,TEKKEN: The Motion Picture
Akio Otsuka,Detatoko Princess
Akio Otsuka,Vampire Princess Miyu
Tessyo Genda,Lily C.A.T.
Tessyo Genda,Project A-Ko 2: Plot of the Daitokuji Financial Group
Tessyo Genda,City Hunter
Tessyo Genda,Maryuu Senki
Tessyo Genda,The Red Spectacles
Tessyo Genda,Campus Special Investigator Hikaruon
Tessyo Genda,They Were Eleven
Tessyo Genda,Anmitsu Hime: From Amakara Castle
Koichi Yamadera,Heart Cocktail Again
Koichi Yamadera,Mermaid's Forest
Koichi Yamadera,Pok√©mon: Jirachi - Wish Maker
Koichi Yamadera,Go! Anpanman: Ruby's Wish
Koichi Yamadera,Bakuryu Sentai Abaranger
Akio Otsuka,Eikou e no Spur: Igaya Chiharu Monogatari
Akio Otsuka,Hyper Speed GranDoll
Akio Otsuka,Hyper Speed GranDoll
Akio Otsuka,Hakugei: Legend of the Moby Dick
Tessyo Genda,Urusei Yatsura: Memorial Album
Tessyo Genda,Bomber Bikers of Shonan
Tessyo Genda,The Scarred Man
Tessyo Genda,Project A-Ko
Tessyo Genda,Violence Jack: Harlem Bomber
Tessyo Genda,Transformers: Scramble City
Tessyo Genda,Prefectural Earth Defense Force
Koichi Yamadera,Lupin the Third: Operation: Return the Treasure
Koichi Yamadera,Space Pirate Captain Herlock: Outside Legend - The Endless Odyssey
Koichi Yamadera,Ghost in the Shell: Stand Alone Complex
Koichi Yamadera,Millennium Actress
Akio Otsuka,Hyper Police
Akio Otsuka,Night Warriors: Darkstalkers' Revenge
Akio Otsuka,Denji Sentai Megaranger
Akio Otsuka,Ayane's High Kick
Akio Otsuka,Black Jack: The Movie
Akio Otsuka,Panzer Dragoon
Tessyo Genda,Dragon Ball
Tessyo Genda,Spaceship Sagittarius
Tessyo Genda,Fire Tripper
Tessyo Genda,Showa Era Idiot Story Book: Most Refined
Tessyo Genda,Odin: Starlight Mutiny
Tessyo Genda,Urusei Yatsura: Remember My Love
Tessyo Genda,Urusei Yatsura: Beautiful Dreamer
Koichi Yamadera,Pok√©mon Heroes
Koichi Yamadera,Go! Anpanman: Sushi-roll Maki-chan and Gold Kamameshidon
Koichi Yamadera,M-1 Grand Prix
Koichi Yamadera,Kirby: Right Back at Ya!
Koichi Yamadera,Cowboy Bebop: The Movie
Koichi Yamadera,Pok√©mon 4Ever
Akio Otsuka,Twin Signal
Akio Otsuka,The Heroic Elegy of Confucius
Akio Otsuka,Slayers Return
Akio Otsuka,Birdy the Mighty
Akio Otsuka,Blue Seed Beyond
Tessyo Genda,Dallos
Tessyo Genda,Dallos
Tessyo Genda,Mrs. Pepper Pot
Tessyo Genda,Armored Trooper VOTOMS
Tessyo Genda,Miyuki
Tessyo Genda,Dr. Slump and Arale-chan: Hoyoyo! The Great Race Around The World
Tessyo Genda,Future Police Urashiman
Koichi Yamadera,Godzilla vs. Megaguirus
Koichi Yamadera,Reign: The Conqueror Movie
Koichi Yamadera,Vampire Hunter D: Bloodlust
Koichi Yamadera,Go! Anpanman: Tears of the Mermaid Princess
Koichi Yamadera,Pok√©mon 3: The Movie
Koichi Yamadera,"The Password is ""Courage"""
Koichi Yamadera,The Tree In Sunlight
Koichi Yamadera,Reign: The Conqueror
Akio Otsuka,Midori no Makiba≈ç
Akio Otsuka,Fire Emblem
Akio Otsuka,City Hunter Special: The Secret Service
Akio Otsuka,Silent Service
Akio Otsuka,Ghost in the Shell
Akio Otsuka,Saint Tail
Akio Otsuka,Mii-chan no Tenohira
Akio Otsuka,Princess Minerva
Tessyo Genda,Future War 198X
Tessyo Genda,Tokimeki Tonight
Tessyo Genda,Dr. Slump: Hoyoyo! Space Adventure
Tessyo Genda,Space Warriors Baldios
Tessyo Genda,Hear the Wind Sing
Tessyo Genda,Fang of the Sun Dougram
Koichi Yamadera,Go! Anpanman: When the Flower of Courage opens
Koichi Yamadera,Pok√©mon the Movie 2000
Koichi Yamadera,Saiyuki
Koichi Yamadera,"Doraemons: Strange, Sweet, Strange?"
Koichi Yamadera,Harlock Saga - The Ring of the Nibelungs
Koichi Yamadera,Otoko wa Tsurai yo: Torajirou Wasurenagusa
Koichi Yamadera,Go! Anpanman: Anpanman and his Strange Friend
Akio Otsuka,Lupin the Third: Farewell to Nostradamus
Akio Otsuka,Slayers
Akio Otsuka,Mobile Suit Gundam Wing
Akio Otsuka,Street Fighter II: Return to Fujiwara Capital
Akio Otsuka,Chouriki Sentai Ohranger
Akio Otsuka,Ghost in the Shell: Production Report
Akio Otsuka,Mighty Space Miners
Akio Otsuka,Magic Knight Rayearth
Tessyo Genda,Urusei Yatsura
Tessyo Genda,Dogtanian and the Three Muskehounds
Tessyo Genda,Dr. Slump and Arale-chan: Hello! Wonder Island
Tessyo Genda,Dr. Slump
Tessyo Genda,Beast King GoLion
Tessyo Genda,Space Emperor God Sigma
Tessyo Genda,The Wonderful Adventures of Nils
Tessyo Genda,Space Warrior Baldios
Tessyo Genda,Fighting General Daimos
Tessyo Genda,Super Electromagnetic Machine Voltes V
Koichi Yamadera,Lupin the Third: Tokyo Crisis
Koichi Yamadera,Pok√©mon: The First Movie
Koichi Yamadera,Queen Emeraldas
Koichi Yamadera,Crayon Shin-chan: Dengeki! Buta no Hizume Daisakusen
Koichi Yamadera,Cowboy Bebop
Koichi Yamadera,Evangelion: Death (True)¬≤
Koichi Yamadera,Revival of Evangelion
Koichi Yamadera,Galaxy Express 999: Eternal Fantasy
Koichi Yamadera,Photon: The Idiot Adventures
Akio Otsuka,Blue Seed
Akio Otsuka,Darkside Blues
Akio Otsuka,Ogre Slayer
Akio Otsuka,Kizuna
Akio Otsuka,Seven Cities Story: Arctic Front
Akio Otsuka,Seven Cities Story: Arctic Front
Akio Otsuka,Montana Jones
Tessyo Genda,Voltes V
Tessyo Genda,Dokaben
Tessyo Genda,Blocker Gundan 4 Machine Blaster
Koichi Yamadera,Saving Soldier Cashman
Koichi Yamadera,Go! Anpanman: The Pyramid of the Rainbow
Koichi Yamadera,Cutie Honey Flash: The Movie
Koichi Yamadera,City Hunter Special: Goodbye My Sweetheart
Koichi Yamadera,Night Warriors: Darkstalkers' Revenge
Koichi Yamadera,Neon Genesis Evangelion: Death and Rebirth
Akio Otsuka,Crows
Akio Otsuka,Mighty Space Miners
Akio Otsuka,Black Jack
Akio Otsuka,Dragon Half
Akio Otsuka,Dragon Half
Akio Otsuka,Ambassador Magma
Akio Otsuka,Ambassador Magma
Akio Otsuka,Armored Dragon Legend Villgust
Akio Otsuka,Scramble Wars
Koichi Yamadera,Apocalypse Zero
Koichi Yamadera,X: The Movie
Koichi Yamadera,Go! Anpanman: The Flying Picture Book and the Glass Shoes
Koichi Yamadera,"Go! Anpanman: Baikinman and the 3-""Bai"" Punch"
Koichi Yamadera,Shamanic Princess
Koichi Yamadera,Special Duty Combat Unit Shinesman
Koichi Yamadera,Memories
Akio Otsuka,Matchless Raijin-Oh OVA
Akio Otsuka,Lupin the Third: From Siberia with Love
Akio Otsuka,Comet in Moominland
Akio Otsuka,Porco Rosso
Akio Otsuka,Genesis Survivor Gaiarth
Akio Otsuka,Genesis Surviver Gaiarth
Koichi Yamadera,Compiler Festa
Koichi Yamadera,Ghost in the Shell
Koichi Yamadera,Elf Princess Ren
Koichi Yamadera,Neon Genesis Evangelion
Koichi Yamadera,Go! Anpanman: Let's Defeat the Haunted Ship!!
Koichi Yamadera,Ruin Explorers - Fam & Ihrie
Koichi Yamadera,Tokyo Revelation
Koichi Yamadera,Wild 7
Akio Otsuka,Inferious Interplanetary War Chronicle - Condition Green
Akio Otsuka,Otaku no Video
Akio Otsuka,Lupin the Third: Napoleon's Dictionary
Akio Otsuka,3x3 Eyes
Akio Otsuka,Nadia: The Secret of Blue Water - Nautilus Story III
Akio Otsuka,Nadia: The Secret of Blue Water - Nautilus Story II
Akio Otsuka,Nadia: The Secret of Blue Water - Nautilus Story I
Akio Otsuka,Mobile Suit Gundam 0083: Stardust Memory
Koichi Yamadera,Wild 7: Biker Knights
Koichi Yamadera,Darkside Blues
Koichi Yamadera,Phantom Quest Corp.
Koichi Yamadera,Ranma ¬Ω: The Movie 3 ‚Äî The Super Non-Discriminatory Showdown: Team Ranma vs. the Legendary Phoenix
Koichi Yamadera,Seven Cities Story: Arctic Front
Koichi Yamadera,Seven Cities Story: Arctic Front
Akio Otsuka,Sukeban Deka
Akio Otsuka,Sukeban Deka
Akio Otsuka,Capricorn
Akio Otsuka,Mad Bull 34
Akio Otsuka,Hakkenden: Legend of the Dog Warriors
Akio Otsuka,"Midoriyama High School, Koshien Edition (Movie)"
Akio Otsuka,Lightning Trap: Leina & Laika
Koichi Yamadera,Compiler
Koichi Yamadera,Super Dimension Century Orguss 02
Koichi Yamadera,È≠îÁ•ûËã±ÈõÑ‰ºù„ÉØ„Çø„É´ ÁµÇ„Çè„Çä„Å™„ÅçÊôÇ„ÅÆÁâ©Ë™û
Koichi Yamadera,Sonic Soldier Borgman 2: New Century 2058
Koichi Yamadera,Suikoden Demon Century
Koichi Yamadera,Mermaid's Scar
Koichi Yamadera,The Gigolo: Dochinpira
Koichi Yamadera,Sleepless Oedo
Koichi Yamadera,Go! Anpanman: Nosshi the Dinosaur's Big Adventure
Akio Otsuka,Nadia: The Secret of Blue Water
Akio Otsuka,Moomin
Akio Otsuka,Magical Hat
Akio Otsuka,Patlabor: The TV Series
Akio Otsuka,Legend of Lemnear
Akio Otsuka,Angel Cop
Koichi Yamadera,Ninja Scroll
Koichi Yamadera,Mask of Zeguy
Koichi Yamadera,Matchless Passion Go-Saurer
Koichi Yamadera,Treasure Island Memorial
Akio Otsuka,Kiki's Delivery Service
Akio Otsuka,Riki-Oh: The Wall of Hell
Akio Otsuka,Shuten Doji - The Star Hand Kid
Akio Otsuka,Armor Hunter Mellowlink
Akio Otsuka,Otaku no Video
Akio Otsuka,Lupin the Third
Akio Otsuka,Kamen Rider
Koichi Yamadera,Green Legend Ran
Koichi Yamadera,Tokyo Babylon
Koichi Yamadera,Talking Head
Koichi Yamadera,Super Zugan
Koichi Yamadera,OZ
Koichi Yamadera,OZ
Koichi Yamadera,Ranma ¬Ω: The Movie 2 ‚Äî The Battle of Togenkyo: Rescue the Brides!
Koichi Yamadera,"Run, Melos!"
Koichi Yamadera,Go! Anpanman: The Secret of Tsumiki Castle
Koichi Yamadera,Go! Anpanman: Anpanman and His Pleasant Friends
Koichi Yamadera,Moonlight Pierce
Koichi Yamadera,Ranma ¬Ω: The Movie ‚Äî The Battle of Nekonron: The Fight to Break the Rules!
Koichi Yamadera,Detonator Orgun
Koichi Yamadera,Detonator Orgun
Koichi Yamadera,Mermaid Forest
Koichi Yamadera,Go! Anpanman: Dokin-chan's Doki Doki Calendar
Koichi Yamadera,Nadia: The Secret of Blue Water - Nautilus Story I
Koichi Yamadera,Nadia: The Secret of Blue Water - Nautilus Story III
Koichi Yamadera,Baku Yumemakura's Twilight Theatre
Koichi Yamadera,Ariel Deluxe
Koichi Yamadera,"I am Devilman, the Devil!"
Koichi Yamadera,Sonic Soldier Borgman: Lover's Rain
Koichi Yamadera,TOKYO CITY Mercen 3 Champ/SHOUT
Koichi Yamadera,Hakkenden: Legend of the Dog Warriors
Koichi Yamadera,TOKYO CITY Melhen 2
Koichi Yamadera,Nineteen 19
Koichi Yamadera,Go! Anpanman: Baikinman's Counterattack
Koichi Yamadera,Go! Anpanman: Omusubiman
Koichi Yamadera,Lightning Trap: Leina & Laika
Koichi Yamadera,Goddamn
Koichi Yamadera,Goddamn
Koichi Yamadera,Nadia: The Secret of Blue Water
Koichi Yamadera,MAROKO
Koichi Yamadera,Samurai Pizza Cats
Koichi Yamadera,Assemble Insert
Koichi Yamadera,Go! Anpanman: The Shining Star's Tear
Koichi Yamadera,Bucchigiri
Koichi Yamadera,Megazone 23 Part III
Koichi Yamadera,Megazone 23 III - Part 1 - The Awakening of Eve
Koichi Yamadera,Gosenzo-sama Banbanzai!
Koichi Yamadera,Kiki's Delivery Service
Koichi Yamadera,ARIEL: All Round Intercept & Escort Lady
Koichi Yamadera,Ranma ¬Ω
Koichi Yamadera,Mad√∂ King Granz√∂rt
Koichi Yamadera,Urotsukid≈çji: Legend of the Overfiend
Koichi Yamadera,Venus Wars
Koichi Yamadera,Utsunomiko
Koichi Yamadera,Goku: Midnight Eye
Koichi Yamadera,The Adventures of Peter Pan
Koichi Yamadera,Expunged Chronicle of Miroku
Koichi Yamadera,Armor Hunter Mellowlink
Koichi Yamadera,Oishinbo
Koichi Yamadera,Kimagure Orange Road: I Want to Return to That Day
Koichi Yamadera,Go! Anpanman
Koichi Yamadera,Ten Little Gall Force
Koichi Yamadera,Sonic Soldier Borgman
Koichi Yamadera,The Burning Wild Man
Koichi Yamadera,Mobile Suit Gundam: Char's Counterattack
Koichi Yamadera,Mami the Psychic: Dancing Dolls in a Starry Sky
Koichi Yamadera,Lupin the Third: The Fuma Conspiracy
Koichi Yamadera,Zillion
Koichi Yamadera,Bubblegum Crisis
Koichi Yamadera,Bosco Adventure
Koichi Yamadera,Megazone 23
Koichi Yamadera,Megazone 23
Koichi Yamadera,Lupin the Third
Koichi Yamadera,Kamen Rider
